player_id,age,country,device,account_type,join_date,total_sessions,avg_session_mins,total_playtime_mins,max_level,num_purchases,total_spent_usd,churned
1,26,Germany,Mobile,Free,2023-06-16,69,94.2,6503.0,50,0,0.0,0
2,30,Germany,Console,Free,2023-01-19,42,96.1,20185.0,46,5,2527.14,0
3,29,UK,Mobile,Premium,2023-04-06,10,79.6,796.0,48,1,15.2,1
4,19,Canada,PC,Free,2023-03-03,11,82.3,905.0,44,0,0.0,1
5,17,Canada,Mobile,Premium,2023-06-06,63,89.6,50796.0,49,9,9716.49,0
6,44,USA,Mobile,Free,2023-06-18,70,101.6,14218.0,49,2,632.1,0
7,28,India,Mobile,Free,2023-03-06,2,172.0,344.0,20,0,0.0,1
8,39,USA,PC,Premium,2023-06-30,14,91.4,1280.0,49,1,246.26,1
9,19,Australia,PC,Premium,2023-03-19,73,84.9,6200.0,48,1,2161.53,0
10,17,Germany,PC,Free,2023-02-13,14,91.4,6400.0,49,5,848.68,0
11,42,USA,Console,Premium,2023-02-14,56,98.5,55170.0,50,10,7298.48,0
12,40,India,Console,Free,2023-02-08,11,108.3,1191.0,46,1,190.52,0
13,43,Australia,Mobile,Free,2023-01-17,79,88.9,56176.0,49,8,12203.92,0
14,30,Australia,PC,Free,2023-04-01,41,85.4,21006.0,50,6,5968.37,0
15,29,USA,Console,Free,2023-02-15,28,85.5,14358.0,50,6,1715.0,0
16,19,Brazil,Console,Free,2023-02-13,11,118.7,1306.0,50,0,0.0,1
17,35,Brazil,PC,Free,2023-03-27,5,111.6,1116.0,48,2,151.0,1
18,19,Australia,Mobile,Free,2023-06-12,46,88.1,28371.0,50,7,5516.32,0
19,21,India,Mobile,Free,2023-03-18,25,101.9,5096.0,49,2,815.75,0
20,44,UK,Mobile,Free,2023-05-30,10,83.2,4992.0,47,6,1032.7,0
21,14,USA,Console,Free,2023-05-22,8,67.9,1086.0,48,2,345.6,1
22,20,Germany,PC,Free,2023-06-01,21,89.0,9350.0,50,5,1323.21,0
23,43,Canada,Mobile,Free,2023-01-09,14,101.5,1421.0,44,1,230.16,1
24,14,Canada,Mobile,Free,2023-01-01,14,78.8,1103.0,43,1,229.88,1
25,35,UK,Mobile,Free,2023-06-08,15,97.8,1467.0,48,0,0.0,1
26,16,Germany,PC,Premium,2023-04-09,6,84.5,1521.0,42,3,344.46,1
27,28,Germany,PC,Free,2023-02-16,15,60.2,3612.0,50,4,613.5,0
28,44,Australia,Console,Premium,2023-02-05,2,89.0,178.0,43,1,33.98,1
29,31,Australia,Mobile,Free,2023-01-27,34,81.4,11064.0,45,4,2234.48,0
30,43,Germany,PC,Free,2023-01-08,28,81.5,18248.0,47,8,4057.2,0
31,33,Australia,Mobile,Premium,2023-02-24,61,87.9,21448.0,50,4,2662.65,0
32,35,Canada,PC,Free,2023-06-21,14,86.7,2428.0,50,2,465.64,1
33,44,USA,PC,Free,2023-05-26,14,81.9,1147.0,50,0,0.0,1
34,29,USA,Console,Free,2023-06-05,8,112.5,1800.0,39,2,176.56,1
35,20,UK,PC,Free,2023-04-22,57,97.1,44272.0,50,8,6867.36,0
36,24,UK,Mobile,Premium,2023-04-13,70,99.5,48769.0,47,7,9478.0,0
37,42,UK,PC,Premium,2023-05-20,5,71.8,359.0,47,0,0.0,1
38,42,Australia,Console,Free,2023-01-13,9,93.7,1686.0,50,2,208.8,1
39,26,India,Mobile,Free,2023-06-04,5,98.6,493.0,44,0,0.0,1
40,42,Australia,Console,Free,2023-01-25,76,92.1,34990.0,50,5,9543.32,0
41,39,UK,Console,Free,2023-04-04,9,86.8,781.0,43,0,0.0,1
42,29,Germany,PC,Free,2023-06-28,74,98.0,50785.0,50,7,5659.52,0
43,44,Brazil,Mobile,Free,2023-05-14,15,99.4,2982.0,38,2,542.4,1
44,17,USA,Console,Free,2023-03-28,10,80.8,808.0,50,1,130.2,1
45,45,USA,PC,Premium,2023-06-28,13,87.2,11340.0,48,10,1802.45,0
46,22,Canada,PC,Free,2023-05-20,6,62.5,750.0,32,2,199.02,1
47,35,Canada,Mobile,Free,2023-03-20,15,84.4,2532.0,48,2,257.85,0
48,35,Australia,Mobile,Premium,2023-05-16,28,100.4,11248.0,50,4,1492.68,0
49,36,Brazil,PC,Premium,2023-06-09,15,102.5,1538.0,50,1,413.55,1
50,45,Australia,Mobile,Premium,2023-04-03,8,114.4,2745.0,42,3,336.96,1
51,29,UK,Console,Free,2023-02-18,6,53.2,319.0,40,1,72.24,1
52,32,Germany,PC,Premium,2023-02-27,77,96.8,52157.0,50,7,11339.79,0
53,31,Brazil,Mobile,Free,2023-06-14,72,91.9,6616.0,50,0,0.0,0
54,43,USA,PC,Free,2023-04-18,11,66.0,726.0,48,1,92.07,1
55,29,Brazil,PC,Free,2023-05-17,8,135.4,1083.0,48,0,0.0,1
56,29,UK,PC,Premium,2023-03-09,28,75.7,21190.0,49,10,4065.6,0
57,41,India,Console,Free,2023-03-18,4,141.3,565.0,44,0,0.0,1
58,16,India,Mobile,Premium,2023-06-08,10,99.6,2988.0,45,3,537.3,1
59,21,Canada,Mobile,Free,2023-02-14,9,103.2,929.0,48,1,224.91,1
60,23,Germany,Console,Premium,2023-01-22,6,112.7,2028.0,48,3,244.92,1
61,28,Canada,PC,Premium,2023-01-29,54,91.9,34755.0,50,7,6661.44,0
62,35,Brazil,Mobile,Premium,2023-01-07,4,157.8,631.0,31,1,81.36,1
63,15,India,PC,Free,2023-01-01,5,108.4,542.0,49,0,0.0,1
64,25,USA,PC,Free,2023-04-06,10,93.0,1860.0,44,2,386.1,1
65,15,UK,PC,Premium,2023-06-06,14,80.1,3363.0,43,3,668.92,1
66,16,Canada,Console,Free,2023-05-24,2,106.5,213.0,32,1,2.18,1
67,23,Brazil,PC,Free,2023-04-06,14,112.1,1570.0,49,1,91.98,1
68,26,Canada,Mobile,Free,2023-03-26,12,103.7,2488.0,42,2,50.28,1
69,40,Australia,PC,Free,2023-06-01,7,108.7,761.0,50,0,0.0,1
70,41,USA,PC,Free,2023-05-09,6,62.8,754.0,39,2,54.3,1
71,38,Australia,Mobile,Premium,2023-06-16,50,92.4,32347.0,50,7,3983.5,0
72,21,USA,PC,Free,2023-03-29,26,88.2,18352.0,47,8,3330.6,0
73,26,Australia,Mobile,Premium,2023-02-05,7,111.3,779.0,50,0,0.0,1
74,38,India,Mobile,Premium,2023-02-06,78,91.9,50169.0,50,7,10309.26,0
75,19,Germany,Mobile,Premium,2023-03-26,38,95.2,25326.0,50,7,4788.76,0
76,24,Brazil,PC,Premium,2023-01-26,74,94.1,6967.0,48,0,0.0,0
77,14,India,Console,Free,2023-04-18,12,82.8,5964.0,48,6,633.24,0
78,45,Germany,PC,Free,2023-01-03,61,104.2,31795.0,50,5,4562.8,0
79,45,USA,Mobile,Free,2023-01-06,15,118.7,1780.0,49,0,0.0,1
80,38,Brazil,Console,Free,2023-05-21,4,131.0,524.0,43,0,0.0,1
81,14,UK,Console,Premium,2023-03-24,56,88.7,59628.0,50,12,7347.2,0
82,42,Australia,Console,Free,2023-03-06,50,96.6,4832.0,49,0,0.0,0
83,38,India,Console,Free,2023-01-06,58,93.6,5427.0,48,1,928.0,0
84,40,India,Console,Free,2023-01-15,12,106.8,1282.0,44,1,162.6,1
85,26,Germany,Console,Free,2023-05-21,71,93.4,6634.0,50,1,1015.3,0
86,45,UK,PC,Premium,2023-06-09,19,91.4,1737.0,47,1,256.12,0
87,42,India,Mobile,Free,2023-02-19,8,80.1,641.0,43,0,0.0,1
88,24,Brazil,Console,Free,2023-05-06,80,102.8,65824.0,49,8,8781.6,0
89,31,Australia,Console,Premium,2023-02-23,44,92.9,28623.0,49,7,3917.76,0
90,40,India,Mobile,Premium,2023-03-02,15,108.3,9744.0,49,6,1183.8,0
91,27,India,Mobile,Free,2023-01-13,66,85.8,5665.0,50,0,0.0,0
92,23,India,Console,Free,2023-01-25,74,82.8,6130.0,50,1,1223.22,0
93,21,Australia,PC,Free,2023-06-27,7,73.7,516.0,48,0,0.0,1
94,44,India,Console,Free,2023-04-04,6,97.3,1168.0,45,2,227.04,1
95,33,Canada,PC,Free,2023-04-13,11,119.5,1315.0,43,1,15.62,1
96,41,Germany,Console,Premium,2023-01-18,9,87.2,785.0,50,1,108.9,1
97,16,Australia,Console,Premium,2023-05-08,29,82.5,9568.0,50,4,1218.58,0
98,45,Australia,Console,Premium,2023-05-11,10,107.5,1075.0,49,1,295.6,1
99,19,Brazil,PC,Premium,2023-06-27,30,89.1,2674.0,47,1,138.3,0
100,45,Germany,PC,Free,2023-06-21,15,95.4,1431.0,49,1,400.35,1
101,42,India,Console,Premium,2023-05-19,15,91.7,1375.0,42,1,395.1,0
102,20,Brazil,Mobile,Free,2023-06-22,10,95.5,1910.0,47,2,463.2,1
103,15,Australia,Mobile,Free,2023-04-27,37,82.6,24440.0,50,8,4223.55,0
104,38,India,PC,Free,2023-04-18,66,102.6,47404.0,50,7,6826.38,0
105,30,Australia,PC,Free,2023-05-17,37,75.4,2788.0,50,0,0.0,0
106,45,India,Mobile,Premium,2023-05-25,7,90.9,1908.0,50,3,289.73,1
107,20,Canada,Mobile,Free,2023-04-04,79,95.1,7514.0,50,0,0.0,0
108,24,Brazil,PC,Free,2023-04-01,28,75.9,8496.0,50,4,1346.24,0
109,17,UK,PC,Premium,2023-01-17,30,85.0,22941.0,49,9,4066.8,0
110,42,USA,PC,Free,2023-03-26,12,85.3,1023.0,49,0,0.0,1
111,21,USA,Mobile,Free,2023-02-06,50,91.6,32060.0,50,7,5044.5,0
112,44,India,Mobile,Free,2023-03-04,12,110.4,2650.0,50,2,209.28,1
113,14,Canada,Console,Free,2023-04-24,3,139.3,418.0,48,0,0.0,1
114,38,Germany,PC,Free,2023-06-30,2,46.0,184.0,41,2,63.1,1
115,26,Australia,Console,Free,2023-01-04,39,99.9,11694.0,50,3,1742.91,0
116,45,India,PC,Free,2023-06-21,14,78.9,2208.0,50,2,603.96,1
117,43,Brazil,PC,Free,2023-01-27,10,86.0,860.0,45,1,294.1,1
118,18,UK,PC,Free,2023-04-27,5,92.4,924.0,45,2,37.25,1
119,28,India,Console,Premium,2023-06-21,14,72.8,1019.0,46,0,0.0,1
120,31,Australia,PC,Free,2023-01-01,7,104.7,733.0,35,0,0.0,1
121,23,India,Console,Free,2023-05-14,21,92.5,1942.0,50,1,525.21,0
122,30,USA,PC,Free,2023-02-19,2,89.0,178.0,19,0,0.0,1
123,25,Canada,PC,Free,2023-02-06,2,141.0,564.0,25,2,63.94,1
124,35,USA,Console,Free,2023-05-09,6,102.0,1224.0,50,2,145.26,1
125,25,USA,PC,Free,2023-01-20,2,85.5,171.0,37,1,15.58,1
126,17,USA,PC,Free,2023-02-28,11,83.2,915.0,50,1,287.32,1
127,23,Brazil,Mobile,Free,2023-03-24,5,104.0,1040.0,49,2,105.15,1
128,31,Brazil,Mobile,Premium,2023-05-03,3,101.0,303.0,34,0,0.0,1
129,17,Brazil,PC,Free,2023-04-14,7,123.1,862.0,47,0,0.0,1
130,22,India,PC,Free,2023-01-03,2,102.5,205.0,34,0,0.0,1
131,25,Canada,Mobile,Free,2023-02-17,76,92.1,6996.0,50,1,499.32,0
132,14,Germany,Console,Premium,2023-01-17,14,90.9,3816.0,49,3,658.56,1
133,42,India,PC,Premium,2023-04-24,4,119.3,1431.0,50,3,158.52,1
134,33,UK,Mobile,Free,2023-02-23,45,91.3,20550.0,50,5,3656.7,0
135,29,Australia,PC,Premium,2023-03-04,63,99.4,6260.0,49,0,0.0,0
136,28,Canada,PC,Free,2023-05-12,6,117.8,707.0,47,1,28.2,1
137,21,India,PC,Free,2023-04-29,48,88.1,16908.0,48,4,3792.0,0
138,24,Brazil,PC,Free,2023-04-22,13,124.9,1624.0,50,1,95.42,1
139,23,Australia,Console,Free,2023-04-05,4,57.3,229.0,49,0,0.0,1
140,18,Germany,Console,Free,2023-01-03,8,117.0,1872.0,39,2,238.4,1
141,32,UK,Console,Free,2023-02-10,66,84.7,39130.0,50,7,9013.62,0
142,21,Germany,Mobile,Free,2023-05-13,60,93.6,16848.0,49,3,3415.8,0
143,27,Canada,Console,Free,2023-04-11,4,101.3,405.0,43,0,0.0,1
144,24,USA,Mobile,Free,2023-06-08,61,97.1,5924.0,50,0,0.0,0
145,14,Brazil,Console,Free,2023-04-08,3,104.3,626.0,41,2,112.71,1
146,39,Australia,Mobile,Free,2023-05-18,8,49.3,394.0,41,1,85.68,1
147,39,India,Console,Premium,2023-05-21,36,92.4,3325.0,48,0,0.0,0
148,23,India,PC,Free,2023-01-05,13,99.0,1287.0,49,0,0.0,1
149,28,Australia,Mobile,Free,2023-04-22,62,95.4,5912.0,50,0,0.0,0
150,25,UK,Console,Free,2023-06-09,12,102.9,1235.0,44,0,0.0,1
151,18,India,PC,Free,2023-01-25,11,87.6,1928.0,38,2,448.14,0
152,44,USA,Console,Free,2023-01-09,9,95.4,859.0,38,0,0.0,1
153,29,Germany,Console,Premium,2023-04-29,24,73.1,10530.0,50,6,2417.04,0
154,40,USA,Console,Free,2023-02-08,11,96.7,1064.0,48,0,0.0,1
155,27,Brazil,Console,Premium,2023-04-15,31,88.9,2755.0,50,1,743.69,0
156,27,India,PC,Premium,2023-06-10,14,78.4,1097.0,47,1,366.8,1
157,28,Brazil,Console,Free,2023-05-20,30,98.8,2965.0,47,1,825.0,0
158,27,India,Mobile,Free,2023-06-18,15,105.9,1589.0,50,1,340.8,1
159,27,USA,Console,Free,2023-03-18,69,76.6,31698.0,50,6,7689.36,0
160,38,Canada,PC,Premium,2023-05-03,4,99.0,396.0,45,0,0.0,1
161,45,USA,Mobile,Premium,2023-05-15,47,95.9,40581.0,49,9,8955.38,0
162,24,Australia,Mobile,Free,2023-05-27,9,92.9,836.0,40,0,0.0,1
163,26,India,Mobile,Premium,2023-06-06,16,85.1,1362.0,48,1,475.2,0
164,29,Australia,Mobile,Free,2023-02-25,2,109.5,438.0,26,2,71.5,1
165,25,Germany,PC,Free,2023-04-01,40,97.0,3878.0,50,0,0.0,0
166,40,Canada,Console,Free,2023-05-14,14,75.4,1056.0,50,1,383.04,1
167,23,USA,Console,Free,2023-01-30,15,85.3,1279.0,46,0,0.0,1
168,40,Canada,Mobile,Premium,2023-04-26,64,88.1,5639.0,50,1,1116.16,0
169,32,India,Console,Free,2023-04-18,4,82.0,656.0,43,2,136.44,1
170,22,Germany,PC,Free,2023-03-30,12,97.9,3525.0,32,3,795.36,0
171,44,Australia,Mobile,Free,2023-03-16,5,117.2,1172.0,47,2,209.45,1
172,40,Australia,PC,Free,2023-05-01,14,88.6,8680.0,46,7,1851.08,0
173,27,Brazil,Console,Premium,2023-02-02,5,105.2,526.0,46,0,0.0,1
174,16,India,PC,Free,2023-06-09,9,113.4,2042.0,46,2,423.81,1
175,30,UK,Mobile,Free,2023-01-12,5,109.6,548.0,50,0,0.0,1
176,21,Australia,Console,Free,2023-01-04,10,69.6,2088.0,47,3,546.6,0
177,31,USA,Console,Premium,2023-04-19,3,118.0,1062.0,50,3,208.89,1
178,28,India,Mobile,Free,2023-02-28,8,72.1,1154.0,38,2,92.4,1
179,19,Brazil,PC,Free,2023-05-08,6,122.2,733.0,46,0,0.0,1
180,14,Canada,Mobile,Premium,2023-03-30,11,102.6,11290.0,45,10,1964.82,0
181,29,India,PC,Premium,2023-03-27,10,133.8,12042.0,43,9,1773.2,0
182,30,Australia,Mobile,Premium,2023-04-07,34,104.5,24864.0,49,7,3139.22,0
183,27,UK,Mobile,Premium,2023-01-15,77,93.3,43098.0,50,6,6573.49,0
184,21,Canada,PC,Free,2023-03-20,7,76.6,1072.0,49,2,137.41,1
185,34,UK,PC,Premium,2023-01-17,19,106.5,20240.0,41,10,3328.8,0
186,33,Germany,PC,Free,2023-01-04,11,87.9,967.0,50,0,0.0,1
187,22,Canada,PC,Premium,2023-05-07,26,87.2,22680.0,50,10,4321.98,0
188,43,Germany,Mobile,Free,2023-01-30,77,76.6,5899.0,50,0,0.0,0
189,19,Canada,PC,Free,2023-05-24,65,84.7,44064.0,50,8,7948.2,0
190,22,India,Console,Premium,2023-03-27,67,94.6,38046.0,50,6,5581.77,0
191,14,Canada,Console,Free,2023-02-06,7,120.7,845.0,49,1,65.87,1
192,18,Canada,PC,Premium,2023-05-07,8,112.5,900.0,50,0,0.0,1
193,19,USA,Console,Premium,2023-05-19,10,85.3,853.0,43,1,174.6,1
194,33,Germany,PC,Free,2023-05-16,31,78.7,4880.0,47,2,1244.65,0
195,25,UK,Console,Premium,2023-04-11,47,104.1,4893.0,50,1,1013.79,0
196,24,India,Mobile,Premium,2023-04-09,62,100.5,62330.0,50,10,12396.9,0
197,17,India,Console,Free,2023-04-05,37,98.7,25564.0,48,7,3643.76,0
198,30,India,PC,Premium,2023-05-05,32,96.7,27846.0,49,9,4573.44,0
199,42,Brazil,Console,Free,2023-04-03,4,61.8,247.0,50,1,102.64,1
200,40,UK,Mobile,Free,2023-02-24,3,110.7,664.0,28,2,41.52,1
201,40,Germany,Console,Free,2023-02-10,59,90.9,16086.0,50,3,1441.37,0
202,33,Brazil,PC,Free,2023-04-02,4,55.8,446.0,33,2,54.0,1
203,19,Australia,Mobile,Free,2023-05-08,64,104.6,20085.0,50,3,954.24,0
204,35,USA,PC,Free,2023-06-28,8,116.8,934.0,41,0,0.0,1
205,29,Germany,PC,Free,2023-03-30,11,77.5,852.0,48,1,82.94,1
206,42,USA,PC,Premium,2023-06-30,6,53.7,322.0,49,1,158.16,1
207,14,Canada,PC,Free,2023-01-12,3,30.3,91.0,44,1,56.88,1
208,22,Australia,PC,Premium,2023-01-19,24,92.8,15582.0,48,7,3902.4,0
209,40,Canada,Console,Free,2023-02-22,76,93.3,35460.0,49,5,7134.88,0
210,26,USA,Mobile,Premium,2023-03-21,55,104.2,40124.0,50,7,4562.8,0
211,14,Germany,Mobile,Free,2023-04-23,15,84.9,1273.0,49,0,0.0,1
212,18,India,PC,Free,2023-03-25,32,72.4,18544.0,50,8,2138.24,0
213,39,India,Mobile,Free,2023-01-15,14,105.4,1476.0,47,0,0.0,1
214,38,Brazil,Console,Premium,2023-06-21,5,85.4,427.0,32,0,0.0,1
215,24,Canada,PC,Premium,2023-04-28,39,95.3,3716.0,50,0,0.0,0
216,18,UK,Mobile,Free,2023-04-24,59,92.7,32814.0,48,6,4468.66,0
217,31,UK,Mobile,Free,2023-05-11,5,83.6,836.0,50,2,235.5,1
218,19,Canada,Console,Premium,2023-06-06,10,87.6,876.0,45,1,197.4,1
219,32,Australia,Mobile,Free,2023-05-28,25,98.2,2454.0,41,1,247.5,0
220,37,Brazil,Console,Premium,2023-01-25,19,112.5,6411.0,49,3,928.53,0
221,42,USA,Mobile,Free,2023-03-28,49,88.5,4336.0,49,0,0.0,0
222,38,UK,Mobile,Free,2023-04-16,25,99.1,2477.0,48,1,402.75,0
223,25,UK,Console,Premium,2023-06-13,15,97.5,8778.0,48,6,1280.25,0
224,14,Germany,PC,Free,2023-02-04,6,91.8,1102.0,41,2,136.98,1
225,33,India,Mobile,Free,2023-04-29,9,69.1,1244.0,47,2,124.2,1
226,17,UK,PC,Free,2023-06-30,26,108.4,2818.0,49,1,757.38,0
227,41,Australia,Mobile,Premium,2023-02-07,5,110.6,553.0,34,1,30.5,1
228,24,USA,PC,Free,2023-02-25,6,86.2,517.0,45,0,0.0,1
229,26,USA,Mobile,Free,2023-04-03,41,93.1,19090.0,48,5,2165.21,0
230,32,Australia,PC,Free,2023-04-10,15,86.2,1293.0,46,0,0.0,1
231,36,USA,PC,Free,2023-04-25,55,88.7,9758.0,50,2,1830.95,0
232,23,UK,Mobile,Free,2023-01-14,26,91.8,11935.0,50,5,1946.36,0
233,43,USA,PC,Free,2023-03-06,13,109.0,1417.0,49,0,0.0,1
234,40,Germany,Console,Free,2023-05-12,13,87.6,1139.0,43,0,0.0,1
235,34,Germany,Mobile,Premium,2023-06-07,74,100.9,7463.0,47,0,0.0,0
236,31,Canada,Mobile,Free,2023-03-25,58,95.7,5550.0,48,1,125.28,0
237,14,Brazil,Mobile,Free,2023-05-08,3,74.0,222.0,38,1,84.87,1
238,30,Australia,Console,Premium,2023-06-13,35,87.6,3065.0,49,0,0.0,0
239,19,India,PC,Free,2023-02-07,7,73.0,511.0,35,0,0.0,1
240,29,UK,Mobile,Premium,2023-02-14,42,94.7,47724.0,50,12,7890.12,0
241,22,UK,Console,Free,2023-01-02,10,74.0,740.0,40,1,160.7,1
242,34,Brazil,PC,Free,2023-05-01,50,101.4,40544.0,48,8,9040.5,0
243,21,UK,Mobile,Premium,2023-02-27,11,100.5,4424.0,49,4,890.89,0
244,39,Canada,PC,Free,2023-03-12,15,87.0,1305.0,42,0,0.0,1
245,19,Canada,Console,Free,2023-06-19,3,64.7,194.0,25,1,20.58,1
246,24,Germany,Console,Premium,2023-02-27,30,95.3,28580.0,50,10,5544.6,0
247,31,Australia,Mobile,Free,2023-04-09,9,79.2,713.0,38,0,0.0,1
248,42,Canada,Mobile,Free,2023-03-08,8,89.5,716.0,40,1,100.64,1
249,41,Germany,Mobile,Free,2023-04-21,46,90.0,24834.0,50,6,3452.3,0
250,20,USA,Mobile,Free,2023-05-04,14,106.7,1494.0,48,1,103.74,1
251,44,India,PC,Premium,2023-03-22,71,79.4,39445.0,50,7,7944.19,0
252,24,Brazil,Console,Free,2023-05-01,42,95.3,32016.0,50,8,5565.84,0
253,28,Germany,Mobile,Free,2023-06-29,7,52.3,366.0,33,1,201.39,1
254,31,UK,Mobile,Premium,2023-02-21,76,98.3,67248.0,50,9,6935.0,0
255,37,Germany,Mobile,Free,2023-06-27,8,97.8,1564.0,40,2,308.4,1
256,43,India,Console,Free,2023-04-18,3,81.7,245.0,46,1,61.59,1
257,41,Germany,PC,Free,2023-03-25,9,91.3,1644.0,44,2,274.14,1
258,32,Canada,Console,Premium,2023-02-03,13,102.0,1326.0,44,0,0.0,1
259,24,Brazil,Mobile,Free,2023-01-04,2,97.0,194.0,40,1,49.54,1
260,28,Brazil,Mobile,Free,2023-05-05,2,133.5,267.0,46,0,0.0,1
261,33,USA,PC,Free,2023-06-03,9,95.0,1710.0,41,2,284.76,1
262,45,USA,Mobile,Premium,2023-02-02,12,99.1,7134.0,48,6,797.04,0
263,36,Australia,PC,Free,2023-06-16,44,103.9,36560.0,49,8,6782.16,0
264,21,Australia,Mobile,Premium,2023-01-24,11,84.9,934.0,49,0,0.0,1
265,37,Germany,PC,Free,2023-04-14,9,70.4,634.0,37,1,121.59,1
266,34,USA,Mobile,Free,2023-03-01,7,104.3,730.0,50,0,0.0,1
267,42,Australia,Console,Premium,2023-05-01,26,84.2,13140.0,50,6,3586.18,0
268,33,Canada,Mobile,Free,2023-02-17,7,107.4,752.0,45,1,117.04,1
269,15,Germany,PC,Free,2023-06-22,14,99.6,1394.0,45,1,314.86,1
270,27,Brazil,Console,Free,2023-03-29,60,94.2,45200.0,50,8,8490.6,0
271,16,Canada,PC,Free,2023-06-05,9,100.8,907.0,46,1,206.1,1
272,45,USA,Mobile,Free,2023-01-08,11,90.0,6930.0,50,7,1117.49,0
273,25,UK,Console,Premium,2023-06-12,75,100.4,67752.0,46,9,10219.5,0
274,17,India,PC,Free,2023-05-25,34,97.5,3315.0,50,1,191.42,0
275,33,India,Mobile,Free,2023-02-18,62,89.9,44592.0,50,8,8928.0,0
276,23,Brazil,Mobile,Free,2023-01-07,58,98.3,39921.0,50,7,6563.28,0
277,45,Germany,Console,Free,2023-03-04,64,85.3,5461.0,48,0,0.0,0
278,18,USA,Mobile,Premium,2023-04-06,55,94.5,36379.0,50,7,6872.8,0
279,28,USA,Console,Free,2023-04-18,73,97.8,14280.0,50,2,2729.47,0
280,37,UK,Console,Premium,2023-01-21,5,84.6,423.0,48,1,111.2,1
281,14,Canada,Console,Free,2023-05-30,71,93.4,39804.0,50,6,8219.67,0
282,33,India,PC,Free,2023-02-09,37,92.9,3439.0,50,1,133.2,0
283,23,Australia,Mobile,Free,2023-05-11,3,153.3,460.0,46,0,0.0,1
284,17,Brazil,Console,Free,2023-04-09,5,81.4,814.0,40,2,36.45,1
285,43,Germany,Console,Free,2023-06-12,67,92.1,30870.0,50,5,2876.98,0
286,24,Germany,Console,Premium,2023-05-24,79,91.2,72050.0,50,10,12877.0,0
287,41,Canada,Mobile,Free,2023-06-01,12,97.9,2350.0,44,2,413.04,1
288,20,Brazil,PC,Free,2023-03-25,9,48.9,440.0,44,1,64.17,1
289,23,Canada,PC,Free,2023-03-23,18,112.8,10150.0,50,5,1117.8,0
290,28,Canada,Console,Free,2023-04-03,49,88.9,17420.0,50,4,3233.02,0
291,36,Canada,Mobile,Free,2023-04-18,10,80.2,802.0,48,1,261.4,1
292,38,Brazil,PC,Free,2023-04-22,2,80.0,160.0,45,1,18.78,1
293,14,Brazil,PC,Free,2023-05-25,27,79.2,2139.0,50,1,95.85,0
294,31,Canada,Mobile,Premium,2023-01-15,16,86.4,12447.0,49,9,2701.6,0
295,28,Brazil,Mobile,Premium,2023-04-29,72,93.0,46865.0,50,7,6661.44,0
296,40,Canada,Console,Free,2023-02-11,23,68.3,1571.0,50,0,0.0,0
297,14,Canada,Console,Free,2023-03-01,14,54.1,758.0,50,1,269.92,1
298,31,Australia,PC,Free,2023-05-30,7,75.4,1056.0,50,2,263.83,1
299,45,Brazil,Mobile,Free,2023-05-29,12,86.2,1034.0,49,1,191.4,1
300,14,Canada,Mobile,Free,2023-05-31,15,89.5,1343.0,48,0,0.0,1
301,31,India,PC,Free,2023-02-01,8,127.0,1016.0,50,1,210.8,1
302,18,UK,Console,Free,2023-04-13,32,100.6,6436.0,49,2,351.68,0
303,33,Australia,PC,Free,2023-01-18,64,91.3,5840.0,50,0,0.0,0
304,21,India,Console,Free,2023-04-23,43,102.5,13218.0,49,3,2410.58,0
305,44,India,PC,Premium,2023-01-25,25,97.2,14580.0,49,6,2633.25,0
306,19,Australia,Mobile,Free,2023-06-02,10,131.6,2632.0,40,2,235.0,1
307,34,India,Mobile,Premium,2023-02-27,16,99.1,1585.0,50,1,357.12,0
308,19,Brazil,Console,Premium,2023-03-29,40,99.7,39890.0,48,10,4705.6,0
309,17,India,PC,Free,2023-02-05,8,96.5,1544.0,37,2,388.64,1
310,36,India,PC,Premium,2023-06-15,53,81.4,38817.0,50,9,8333.72,0
311,14,Canada,PC,Free,2023-03-05,35,78.4,16458.0,47,6,3257.8,0
312,24,Brazil,PC,Free,2023-04-29,53,94.8,35161.0,50,7,7072.32,0
313,18,Brazil,Console,Free,2023-06-01,4,125.0,1000.0,43,2,134.48,1
314,43,Germany,PC,Premium,2023-01-08,65,99.9,25972.0,49,4,4904.25,0
315,30,Canada,Mobile,Premium,2023-05-22,53,92.4,19596.0,50,4,2308.68,0
316,28,USA,Console,Free,2023-06-28,73,90.7,26472.0,50,4,6007.9,0
317,19,Brazil,Console,Free,2023-01-10,4,59.0,236.0,43,0,0.0,1
318,43,Canada,Console,Free,2023-04-17,38,100.3,30488.0,49,8,4351.76,0
319,38,Brazil,PC,Free,2023-04-20,15,88.2,1323.0,48,1,424.2,1
320,35,Germany,Mobile,Free,2023-02-06,7,101.3,1418.0,38,2,241.22,1
321,31,USA,Console,Premium,2023-03-01,13,81.2,1056.0,45,1,38.09,1
322,27,India,PC,Premium,2023-02-02,10,104.2,1042.0,50,1,217.6,1
323,30,Australia,Mobile,Free,2023-06-21,13,105.8,2752.0,47,2,413.53,1
324,29,Canada,PC,Free,2023-03-06,14,83.5,1169.0,41,1,236.46,1
325,24,USA,PC,Free,2023-06-20,14,91.6,1282.0,48,0,0.0,1
326,19,Brazil,Console,Premium,2023-05-10,2,77.5,465.0,50,3,77.0,1
327,39,USA,Console,Premium,2023-05-09,26,77.9,20260.0,48,10,3818.62,0
328,37,Canada,Console,Free,2023-01-25,11,101.2,2226.0,49,2,326.48,1
329,21,Germany,PC,Free,2023-02-05,5,97.0,485.0,47,1,131.0,1
330,42,USA,PC,Premium,2023-04-27,38,106.1,4032.0,49,0,0.0,0
331,21,Canada,Console,Free,2023-03-29,6,62.7,376.0,49,1,39.6,1
332,34,USA,Mobile,Free,2023-04-30,64,94.4,30210.0,50,5,4364.16,0
333,19,Germany,Mobile,Free,2023-01-21,45,84.2,22722.0,50,6,4114.35,0
334,43,Australia,Mobile,Premium,2023-04-16,12,94.1,1129.0,40,1,15.96,1
335,17,USA,PC,Free,2023-04-03,10,98.0,980.0,43,1,102.9,1
336,21,Germany,PC,Premium,2023-02-08,17,85.5,1453.0,47,1,232.73,0
337,25,UK,Mobile,Free,2023-03-25,80,85.3,27304.0,49,4,3740.0,0
338,20,Canada,PC,Free,2023-01-06,65,81.9,5324.0,50,1,1446.9,0
339,41,Canada,PC,Free,2023-05-29,38,99.2,18855.0,50,5,3366.42,0
340,33,Canada,PC,Free,2023-02-18,15,63.1,1894.0,45,2,743.85,1
341,34,Canada,Console,Free,2023-01-04,58,87.3,15186.0,50,3,2006.8,0
342,35,Australia,Mobile,Free,2023-06-29,15,85.7,1286.0,48,0,0.0,1
343,42,Canada,Mobile,Premium,2023-03-22,56,101.8,68388.0,50,12,9457.84,0
344,41,Australia,PC,Free,2023-03-18,9,98.9,890.0,41,1,17.55,1
345,34,USA,PC,Free,2023-03-04,34,75.5,12830.0,50,5,1617.38,0
346,15,Germany,Console,Free,2023-04-24,5,47.6,238.0,47,1,116.85,1
347,23,India,Console,Free,2023-04-03,11,97.2,1069.0,50,1,132.22,0
348,27,Brazil,Mobile,Premium,2023-02-22,62,91.9,51255.0,50,9,11088.7,0
349,42,Germany,Console,Free,2023-05-23,14,106.1,2972.0,48,2,120.68,1
350,32,UK,Mobile,Free,2023-06-15,4,121.3,485.0,40,0,0.0,1
351,37,India,Console,Free,2023-01-08,11,97.2,1069.0,49,0,0.0,1
352,19,Australia,Mobile,Free,2023-05-23,50,93.2,4660.0,46,0,0.0,0
353,27,UK,Console,Free,2023-05-04,11,104.5,2298.0,35,2,548.24,1
354,16,USA,Console,Free,2023-04-03,58,92.4,37499.0,50,7,5197.96,0
355,43,Canada,Console,Free,2023-01-23,43,92.7,19925.0,50,5,3901.39,0
356,16,UK,Mobile,Free,2023-06-25,65,100.6,6542.0,49,0,0.0,0
357,43,UK,PC,Premium,2023-04-14,44,88.3,46608.0,50,12,8234.16,0
358,38,UK,PC,Free,2023-05-07,48,88.9,12801.0,50,3,2264.16,0
359,45,Brazil,PC,Free,2023-05-24,4,81.5,326.0,36,0,0.0,1
360,43,Canada,Console,Premium,2023-05-14,12,83.5,3006.0,40,3,565.92,1
361,45,Canada,Console,Free,2023-04-09,64,99.3,31785.0,50,5,6894.72,0
362,30,Brazil,Console,Free,2023-05-03,65,92.9,42280.0,50,7,10606.05,0
363,28,India,Console,Free,2023-01-25,58,93.1,10802.0,46,2,2195.3,0
364,30,Australia,Console,Premium,2023-06-09,14,86.7,3642.0,45,3,534.94,1
365,16,USA,Console,Premium,2023-04-17,3,75.3,226.0,34,0,0.0,1
366,25,UK,Console,Premium,2023-03-11,39,100.3,27391.0,50,7,4520.1,0
367,42,Brazil,Mobile,Free,2023-04-25,74,91.0,13462.0,50,2,2859.36,0
368,27,Australia,Mobile,Free,2023-01-07,3,45.3,136.0,32,0,0.0,1
369,45,USA,PC,Free,2023-02-26,8,110.1,881.0,47,1,166.16,1
370,24,UK,PC,Free,2023-05-07,2,122.5,490.0,49,2,33.16,1
371,21,India,PC,Free,2023-04-20,65,84.5,5490.0,48,1,891.15,0
372,19,UK,Mobile,Free,2023-01-29,9,92.6,833.0,50,1,90.09,1
373,24,Brazil,PC,Free,2023-06-27,7,110.1,771.0,33,0,0.0,1
374,39,India,Console,Free,2023-04-18,61,104.5,50984.0,50,8,6616.06,0
375,21,Canada,PC,Premium,2023-01-02,12,114.6,9625.0,48,7,1453.32,0
376,37,India,PC,Premium,2023-04-28,42,99.4,41750.0,49,10,7277.34,0
377,21,Germany,PC,Free,2023-04-10,8,67.3,538.0,50,0,0.0,1
378,26,Australia,Console,Free,2023-02-24,8,86.1,1378.0,49,2,96.72,1
379,32,Canada,Mobile,Free,2023-04-24,66,101.0,53352.0,50,8,9368.04,0
380,39,USA,Mobile,Free,2023-01-18,44,86.7,11448.0,50,3,1715.12,0
381,18,Canada,Console,Free,2023-02-23,9,71.0,639.0,27,1,236.79,1
382,29,India,Mobile,Free,2023-02-26,7,91.3,1278.0,32,2,315.28,1
383,30,India,Mobile,Premium,2023-05-18,35,84.1,2945.0,50,0,0.0,0
384,42,Australia,Console,Free,2023-04-01,41,91.7,30080.0,48,8,6586.24,0
385,32,USA,Mobile,Premium,2023-05-11,56,83.7,18744.0,49,4,4240.32,0
386,24,Canada,PC,Free,2023-06-12,14,98.7,1382.0,46,0,0.0,1
387,43,Brazil,Console,Premium,2023-05-17,22,98.5,8664.0,42,4,1435.5,0
388,17,Brazil,Mobile,Free,2023-04-09,35,92.5,9711.0,46,3,1726.9,0
389,31,USA,Mobile,Premium,2023-05-28,2,130.5,261.0,49,1,10.26,1
390,20,Germany,Console,Free,2023-03-03,15,129.4,1941.0,37,1,110.4,1
391,30,Australia,Console,Free,2023-03-07,11,93.9,1033.0,48,0,0.0,1
392,41,Brazil,Mobile,Free,2023-05-07,67,89.3,5983.0,50,1,448.23,0
393,44,Australia,Mobile,Free,2023-03-23,11,80.9,890.0,48,0,0.0,1
394,41,UK,Console,Free,2023-01-18,13,116.1,3018.0,48,2,630.5,1
395,27,UK,PC,Free,2023-03-24,36,101.1,7276.0,48,2,1260.72,0
396,24,USA,PC,Free,2023-06-26,12,77.8,1866.0,49,2,671.52,1
397,28,Brazil,Mobile,Free,2023-04-26,44,94.0,12414.0,50,3,2393.16,0
398,33,Australia,Console,Premium,2023-02-06,40,88.9,42672.0,50,12,5816.8,0
399,19,Brazil,Console,Free,2023-01-19,19,97.7,14848.0,48,8,2473.99,0
400,29,Germany,Console,Free,2023-04-11,7,77.7,1088.0,49,2,255.5,1
401,36,Germany,Mobile,Free,2023-01-30,8,81.0,648.0,48,0,0.0,1
402,39,Germany,Mobile,Premium,2023-05-01,62,84.8,47304.0,50,9,10288.9,0
403,37,UK,PC,Free,2023-06-07,4,108.0,432.0,49,1,56.56,1
404,22,Canada,PC,Free,2023-05-02,67,87.8,47080.0,50,8,8834.62,0
405,27,Germany,Console,Premium,2023-01-24,59,91.6,5407.0,50,0,0.0,0
406,17,Australia,Mobile,Free,2023-02-01,10,86.1,861.0,43,1,165.2,1
407,23,UK,Console,Free,2023-02-23,5,113.6,568.0,50,0,0.0,1
408,32,USA,Console,Free,2023-05-25,10,100.3,1003.0,42,0,0.0,1
409,32,UK,PC,Free,2023-05-06,74,96.4,42792.0,50,6,6700.7,0
410,25,Canada,PC,Premium,2023-01-29,76,85.2,6477.0,50,1,689.32,0
411,29,Australia,Mobile,Free,2023-04-16,3,55.0,165.0,35,1,10.26,1
412,26,India,Mobile,Premium,2023-05-21,23,97.3,6714.0,49,3,1251.43,0
413,21,UK,Mobile,Free,2023-03-12,14,105.6,1479.0,50,1,408.52,1
414,15,Australia,Mobile,Free,2023-01-15,11,94.3,2074.0,45,2,141.02,1
415,32,UK,PC,Free,2023-02-01,4,129.3,517.0,40,1,41.4,1
416,29,Brazil,Console,Free,2023-03-21,4,79.5,636.0,49,2,145.64,1
417,15,Germany,Mobile,Premium,2023-01-24,11,65.2,717.0,47,0,0.0,1
418,28,Brazil,PC,Free,2023-02-22,7,58.4,409.0,49,0,0.0,1
419,27,India,Console,Free,2023-05-13,6,126.0,756.0,42,0,0.0,1
420,36,UK,PC,Free,2023-06-17,34,92.6,6296.0,49,2,811.92,0
421,41,Australia,Mobile,Free,2023-04-02,72,88.7,44695.0,50,7,5897.52,0
422,18,India,Mobile,Free,2023-03-09,11,104.2,2292.0,46,2,368.39,1
423,33,UK,PC,Premium,2023-06-15,49,89.7,43960.0,49,10,5104.82,0
424,42,Canada,Console,Free,2023-06-08,7,40.4,283.0,47,0,0.0,1
425,15,India,Mobile,Free,2023-01-17,3,94.3,283.0,49,0,0.0,1
426,19,India,Mobile,Free,2023-01-28,2,81.5,163.0,15,0,0.0,1
427,43,India,PC,Free,2023-06-10,8,72.8,1164.0,37,2,235.6,1
428,29,India,PC,Free,2023-03-28,2,131.5,263.0,29,1,46.94,1
429,40,USA,Console,Free,2023-01-04,60,91.8,38577.0,48,7,4182.6,0
430,36,USA,Console,Premium,2023-02-18,5,128.8,644.0,48,1,75.55,1
431,15,Canada,Mobile,Free,2023-02-12,9,89.8,1616.0,48,2,481.23,1
432,27,Canada,Console,Free,2023-04-17,3,19.0,57.0,44,0,0.0,1
433,41,Germany,Console,Premium,2023-06-24,53,99.3,5261.0,50,0,0.0,0
434,25,Australia,PC,Free,2023-02-11,70,97.3,13618.0,49,2,2808.4,0
435,25,UK,Console,Free,2023-06-25,14,78.9,1105.0,45,1,248.92,1
436,45,India,Console,Premium,2023-05-23,11,78.5,863.0,49,1,87.01,0
437,19,Australia,Mobile,Premium,2023-04-22,66,84.3,55610.0,50,10,10459.68,0
438,26,USA,Console,Premium,2023-06-29,46,98.2,54216.0,50,12,10345.86,0
439,41,India,Mobile,Free,2023-04-25,27,114.6,21665.0,49,7,2494.53,0
440,25,India,Console,Free,2023-06-08,23,92.3,16992.0,50,8,2824.4,0
441,32,UK,Mobile,Premium,2023-06-24,57,89.3,45792.0,50,9,8470.77,0
442,23,India,Console,Free,2023-02-28,6,89.8,539.0,46,1,141.9,1
443,20,Canada,PC,Free,2023-04-11,14,85.7,1200.0,48,1,48.44,1
444,27,UK,Console,Free,2023-02-21,15,97.9,2938.0,50,2,382.35,1
445,25,USA,Mobile,Free,2023-04-14,9,60.3,543.0,50,1,114.93,1
446,30,Canada,PC,Free,2023-01-20,63,88.0,5541.0,50,1,157.5,0
447,18,Canada,Console,Free,2023-05-10,41,96.7,31712.0,50,8,6150.41,0
448,35,Brazil,Mobile,Free,2023-05-15,66,89.2,17664.0,50,3,3429.36,0
449,43,Germany,PC,Premium,2023-06-27,10,89.2,5352.0,40,6,946.9,0
450,26,USA,Mobile,Free,2023-03-18,11,53.7,1182.0,44,2,247.61,1
451,18,Brazil,Mobile,Premium,2023-04-28,13,80.5,1047.0,50,0,0.0,1
452,23,Brazil,PC,Premium,2023-03-28,51,88.2,31500.0,50,7,5382.03,0
453,32,USA,PC,Free,2023-05-04,11,106.2,1168.0,49,0,0.0,1
454,28,Canada,PC,Premium,2023-02-25,27,84.6,15988.0,46,7,2715.66,0
455,34,Canada,PC,Free,2023-02-24,12,111.5,1338.0,47,0,0.0,1
456,30,USA,Mobile,Free,2023-01-01,65,94.3,30660.0,49,5,4460.95,0
457,43,Brazil,Console,Free,2023-03-27,3,126.0,756.0,47,2,64.02,1
458,37,UK,Mobile,Premium,2023-03-02,31,89.2,27660.0,47,10,6432.19,0
459,32,Germany,Mobile,Free,2023-06-16,20,98.1,13734.0,47,7,2267.0,0
460,34,Germany,Console,Free,2023-01-10,28,85.5,14364.0,50,6,2143.12,0
461,24,Australia,PC,Free,2023-03-27,9,97.8,1760.0,50,2,409.95,1
462,39,India,Console,Premium,2023-01-05,7,83.6,1755.0,43,3,256.2,1
463,19,India,PC,Premium,2023-05-04,21,89.3,18760.0,47,10,3367.56,0
464,37,Australia,PC,Premium,2023-06-13,27,95.0,2565.0,49,1,310.5,0
465,36,Brazil,PC,Premium,2023-01-07,15,94.0,4230.0,46,3,259.65,1
466,33,UK,Mobile,Premium,2023-03-13,19,96.7,16542.0,50,9,2389.06,0
467,31,Germany,Console,Free,2023-01-03,46,84.6,7784.0,50,2,2090.24,0
468,42,India,PC,Free,2023-04-15,78,89.3,6962.0,50,1,506.22,0
469,32,Germany,Mobile,Free,2023-03-01,51,96.5,19680.0,48,4,4669.05,0
470,44,India,Mobile,Free,2023-06-18,3,71.0,426.0,32,2,145.68,1
471,21,India,Mobile,Premium,2023-03-16,27,101.0,19096.0,50,7,3150.63,0
472,33,India,Console,Free,2023-03-05,49,94.4,4628.0,50,1,156.31,0
473,16,Australia,PC,Free,2023-01-30,39,89.1,27784.0,50,8,4595.37,0
474,42,Germany,Console,Free,2023-02-19,43,102.0,17552.0,49,4,2774.79,0
475,24,Canada,PC,Premium,2023-02-05,10,100.2,1002.0,35,0,0.0,0
476,36,Canada,Mobile,Free,2023-04-24,65,81.7,15936.0,50,3,3966.3,0
477,32,UK,Console,Free,2023-03-15,2,82.5,165.0,41,0,0.0,1
478,34,Australia,Mobile,Free,2023-01-19,9,88.3,795.0,47,1,31.86,1
479,16,Canada,Console,Premium,2023-06-16,51,89.6,4572.0,48,1,580.89,0
480,33,UK,Mobile,Free,2023-06-26,34,92.9,9474.0,46,3,1323.62,0
481,34,Germany,PC,Free,2023-01-05,2,66.5,133.0,41,1,40.94,1
482,19,Brazil,PC,Free,2023-04-07,31,100.6,15590.0,48,5,1915.18,0
483,33,India,Mobile,Free,2023-03-23,14,86.5,2422.0,47,2,302.82,1
484,44,USA,Console,Free,2023-03-02,2,101.5,406.0,23,2,85.14,1
485,36,Brazil,Mobile,Free,2023-04-27,5,103.0,515.0,42,0,0.0,1
486,22,USA,Console,Free,2023-04-05,6,75.2,451.0,28,0,0.0,1
487,35,India,Mobile,Free,2023-04-28,58,91.3,31776.0,47,6,4505.44,0
488,35,Germany,Mobile,Free,2023-06-23,39,92.8,3618.0,49,0,0.0,0
489,19,Canada,PC,Premium,2023-02-14,7,81.4,1710.0,49,3,422.24,1
490,21,Australia,Console,Premium,2023-04-26,35,98.8,24213.0,50,7,2649.85,0
491,31,UK,PC,Free,2023-03-16,79,99.7,7878.0,50,1,231.47,0
492,19,USA,PC,Premium,2023-03-17,47,93.4,39528.0,49,9,7378.06,0
493,16,India,Console,Premium,2023-04-05,15,97.2,1458.0,44,1,21.75,1
494,21,UK,Console,Premium,2023-03-24,55,102.4,50670.0,50,9,4698.65,0
495,29,Canada,Mobile,Premium,2023-06-30,11,81.5,3584.0,38,4,576.29,0
496,45,Brazil,Console,Free,2023-02-05,3,99.3,596.0,28,2,124.02,1
497,32,USA,PC,Free,2023-05-17,14,93.4,1308.0,49,1,264.46,1
498,22,USA,PC,Premium,2023-05-20,29,77.5,20223.0,49,9,4553.29,0
499,25,UK,PC,Free,2023-06-03,6,71.8,431.0,50,1,16.92,1
500,26,Brazil,Console,Premium,2023-01-15,12,86.4,7259.0,38,7,1690.56,0
501,25,India,PC,Premium,2023-02-17,66,79.8,5268.0,50,1,663.96,0
502,28,UK,Mobile,Premium,2023-06-06,32,76.4,7338.0,50,3,1122.56,0
503,40,UK,Console,Free,2023-06-04,4,59.0,236.0,50,1,82.84,1
504,16,Brazil,Mobile,Premium,2023-05-31,11,72.7,8000.0,47,10,1281.83,0
505,28,Australia,Console,Free,2023-05-10,13,106.2,1380.0,47,1,125.45,1
506,42,Canada,PC,Premium,2023-05-26,51,95.5,34097.0,49,7,5253.51,0
507,35,USA,PC,Free,2023-02-13,48,103.1,14853.0,50,3,2309.28,0
508,32,India,PC,Free,2023-06-28,9,102.3,921.0,50,1,53.19,1
509,28,USA,Mobile,Free,2023-02-13,2,63.5,127.0,32,1,3.28,1
510,14,Brazil,PC,Free,2023-01-15,45,97.2,8750.0,47,2,1616.85,0
511,42,Germany,Mobile,Premium,2023-01-04,5,94.8,474.0,48,0,0.0,1
512,26,Germany,Mobile,Premium,2023-03-16,64,97.1,6217.0,49,1,808.32,0
513,28,USA,Console,Free,2023-03-27,14,96.0,1344.0,46,1,188.72,1
514,27,Canada,PC,Free,2023-05-10,5,91.4,457.0,43,1,23.9,1
515,19,Brazil,Console,Free,2023-04-23,51,90.5,32326.0,48,7,4843.47,0
516,40,USA,PC,Free,2023-06-29,23,85.7,3940.0,50,2,971.29,0
517,18,Germany,Console,Free,2023-03-10,5,105.8,529.0,44,0,0.0,1
518,42,Canada,PC,Free,2023-03-31,76,90.8,55216.0,50,8,12487.56,0
519,26,Brazil,PC,Premium,2023-04-08,4,111.5,446.0,42,0,0.0,1
520,36,UK,Console,Free,2023-04-04,29,85.0,2466.0,50,0,0.0,0
521,36,Australia,Mobile,Free,2023-05-19,3,36.7,220.0,37,2,106.5,1
522,33,UK,PC,Free,2023-06-26,8,100.4,803.0,50,0,0.0,1
523,40,UK,Mobile,Free,2023-01-23,5,64.0,320.0,44,0,0.0,1
524,34,India,Mobile,Premium,2023-01-21,64,90.6,5798.0,50,1,456.96,0
525,35,UK,PC,Free,2023-05-03,4,149.5,598.0,48,0,0.0,1
526,24,USA,Mobile,Premium,2023-04-25,33,78.3,15504.0,50,6,3765.3,0
527,39,Australia,PC,Premium,2023-02-05,17,101.0,1717.0,46,0,0.0,0
528,43,India,PC,Free,2023-01-22,39,88.8,20772.0,50,6,3507.27,0
529,31,Germany,PC,Free,2023-04-06,48,94.5,31745.0,50,7,4302.24,0
530,37,Brazil,Mobile,Premium,2023-01-30,9,89.2,803.0,49,0,0.0,1
531,37,UK,Mobile,Free,2023-04-07,80,86.7,13876.0,50,2,3800.0,0
532,20,Australia,Mobile,Free,2023-02-02,3,94.7,284.0,39,0,0.0,1
533,27,Germany,Mobile,Premium,2023-05-02,12,106.8,3846.0,43,3,679.32,1
534,38,Canada,Console,Premium,2023-05-08,38,106.4,4042.0,49,0,0.0,0
535,27,Brazil,Mobile,Free,2023-05-27,14,96.6,2706.0,48,2,558.6,1
536,42,Canada,Mobile,Premium,2023-04-05,8,92.6,741.0,43,1,48.24,1
537,35,USA,PC,Free,2023-04-09,71,87.1,30930.0,50,5,2622.03,0
538,37,India,Console,Free,2023-06-10,13,113.5,1475.0,46,0,0.0,1
539,42,USA,Mobile,Free,2023-03-23,6,69.5,417.0,38,0,0.0,1
540,41,Brazil,Console,Free,2023-06-21,12,83.3,1000.0,48,0,0.0,1
541,42,Australia,Mobile,Free,2023-03-27,56,91.9,15444.0,49,3,1780.24,0
542,18,India,Mobile,Premium,2023-04-19,33,90.8,11984.0,49,4,1113.42,0
543,24,Germany,Console,Free,2023-04-28,53,85.2,36144.0,50,8,6248.17,0
544,17,Canada,Mobile,Free,2023-01-24,49,104.5,5120.0,50,0,0.0,0
545,38,Canada,Mobile,Free,2023-01-10,10,110.2,1102.0,48,1,185.9,1
546,27,USA,Console,Free,2023-05-13,20,70.2,7015.0,49,5,2281.0,0
547,29,Canada,PC,Free,2023-01-06,12,68.3,820.0,48,0,0.0,1
548,19,Brazil,Console,Free,2023-06-07,13,81.8,1063.0,33,0,0.0,1
549,18,UK,PC,Premium,2023-04-22,15,93.2,8388.0,43,6,1371.45,0
550,42,Canada,Console,Free,2023-06-19,7,92.9,650.0,32,1,123.55,1
551,14,Germany,PC,Free,2023-02-24,11,92.4,2032.0,50,2,461.67,1
552,30,Germany,Mobile,Premium,2023-01-27,41,93.5,26838.0,50,7,4108.61,0
553,23,UK,PC,Free,2023-03-22,4,91.0,364.0,45,0,0.0,1
554,40,India,Console,Premium,2023-05-20,77,88.9,6848.0,50,1,1162.7,0
555,39,Germany,Mobile,Premium,2023-01-01,70,99.1,27744.0,50,4,6120.8,0
556,23,Australia,Console,Free,2023-05-10,12,73.2,878.0,46,1,274.44,1
557,35,UK,Mobile,Premium,2023-01-13,12,87.3,1047.0,47,0,0.0,1
558,32,India,Mobile,Free,2023-04-07,9,113.7,1023.0,49,1,202.5,1
559,19,UK,Console,Free,2023-05-23,19,92.3,8765.0,49,5,1618.04,0
560,22,Brazil,PC,Free,2023-06-20,40,87.6,3505.0,49,1,1159.2,0
561,45,India,PC,Premium,2023-06-10,19,86.8,14850.0,45,9,2798.13,0
562,28,UK,Console,Free,2023-04-18,31,82.2,7647.0,47,3,1654.47,0
563,19,Canada,Mobile,Premium,2023-04-30,25,84.2,12624.0,50,6,2363.0,0
564,42,Germany,Console,Free,2023-02-16,7,69.3,970.0,50,2,216.86,1
565,20,UK,PC,Premium,2023-06-13,8,94.5,756.0,41,1,101.68,1
566,28,USA,Console,Free,2023-04-23,7,96.7,677.0,48,0,0.0,1
567,43,USA,PC,Premium,2023-06-19,77,96.4,89064.0,50,12,20589.03,0
568,27,Canada,Console,Free,2023-03-26,2,16.5,33.0,41,0,0.0,1
569,31,India,Mobile,Free,2023-01-26,28,93.4,15696.0,48,6,1960.28,0
570,37,Australia,Mobile,Free,2023-05-16,76,92.5,14058.0,50,2,1529.12,0
571,28,Australia,Console,Premium,2023-04-28,16,82.8,1325.0,49,0,0.0,0
572,28,India,PC,Free,2023-06-06,69,97.2,40230.0,50,6,7374.03,0
573,43,Germany,Mobile,Free,2023-02-26,4,96.5,772.0,31,2,88.68,1
574,24,India,Console,Free,2023-03-01,3,124.3,373.0,33,1,85.05,1
575,30,Brazil,Console,Free,2023-05-14,39,73.5,11460.0,50,4,1584.96,0
576,22,USA,Console,Free,2023-01-16,13,93.8,2438.0,44,2,476.84,1
577,27,Germany,Mobile,Free,2023-03-20,14,84.5,1183.0,44,1,412.86,1
578,21,UK,Mobile,Free,2023-01-20,4,79.5,318.0,20,0,0.0,1
579,41,UK,PC,Premium,2023-04-03,7,112.9,790.0,48,1,59.15,1
580,34,Canada,PC,Premium,2023-06-11,66,86.0,5675.0,49,1,1152.36,0
581,30,USA,PC,Free,2023-04-29,11,115.9,1275.0,50,0,0.0,1
582,43,USA,PC,Premium,2023-06-14,30,96.5,34740.0,50,12,4707.3,0
583,38,Canada,PC,Free,2023-03-19,2,166.0,664.0,32,2,69.08,1
584,15,Australia,Console,Free,2023-01-02,11,89.9,989.0,46,0,0.0,1
585,40,UK,Mobile,Free,2023-01-10,40,93.8,18760.0,49,5,2051.6,0
586,44,USA,Console,Free,2023-03-19,14,91.2,1277.0,36,1,161.0,1
587,19,Canada,Console,Free,2023-05-15,14,104.6,1465.0,50,1,186.48,1
588,20,USA,PC,Premium,2023-01-21,68,100.7,20538.0,50,3,3058.64,0
589,42,India,Mobile,Free,2023-01-08,12,119.8,1438.0,46,0,0.0,1
590,19,India,PC,Free,2023-04-09,6,84.8,1018.0,45,2,120.66,1
591,18,UK,Console,Premium,2023-05-09,14,100.1,1401.0,46,1,292.88,0
592,26,UK,Mobile,Free,2023-05-31,27,84.9,18328.0,46,8,3637.98,0
593,21,Brazil,PC,Free,2023-03-11,56,101.9,39963.0,50,7,7322.0,0
594,42,UK,Console,Free,2023-01-29,22,86.1,1895.0,49,0,0.0,0
595,19,Australia,Mobile,Free,2023-05-21,75,96.6,50722.0,50,7,8568.0,0
596,15,Germany,PC,Free,2023-01-16,5,58.4,292.0,35,1,36.75,1
597,44,Germany,Mobile,Free,2023-03-13,10,103.2,2064.0,42,2,369.3,1
598,43,India,PC,Free,2023-06-18,5,58.6,293.0,47,0,0.0,1
599,23,USA,Console,Premium,2023-03-15,11,102.7,3390.0,49,3,548.02,1
600,38,Canada,PC,Free,2023-05-18,9,92.3,1662.0,43,2,444.42,1
601,29,UK,Mobile,Free,2023-05-29,67,80.6,32388.0,50,6,6302.69,0
602,29,Canada,Console,Premium,2023-06-09,4,66.0,264.0,38,0,0.0,1
603,19,Canada,Console,Free,2023-04-27,43,82.3,14152.0,49,4,4039.42,0
604,27,Australia,Mobile,Free,2023-03-31,11,78.0,1716.0,49,2,456.17,1
605,27,Australia,PC,Free,2023-06-29,45,90.1,32432.0,50,8,6464.25,0
606,39,India,Console,Free,2023-05-12,4,90.3,361.0,37,0,0.0,1
607,33,Canada,PC,Free,2023-04-21,37,98.6,21882.0,49,6,3534.98,0
608,43,UK,Console,Premium,2023-05-03,52,90.8,47220.0,50,10,8087.04,0
609,31,USA,PC,Premium,2023-01-07,17,101.8,20772.0,49,12,2780.69,0
610,33,Brazil,Mobile,Free,2023-04-13,8,96.3,770.0,33,1,233.28,1
611,44,Germany,PC,Free,2023-01-19,55,92.6,20364.0,50,4,4172.3,0
612,34,UK,Mobile,Premium,2023-05-14,6,135.3,2436.0,35,3,185.7,1
613,39,Australia,PC,Free,2023-03-26,4,108.0,432.0,50,1,63.72,1
614,34,Brazil,Console,Free,2023-02-06,10,70.6,1412.0,49,2,228.3,1
615,35,Brazil,PC,Free,2023-03-28,11,69.8,1536.0,49,2,95.04,1
616,28,Australia,PC,Free,2023-04-27,6,113.8,1366.0,35,2,154.86,1
617,23,UK,Console,Free,2023-02-01,48,94.3,4526.0,50,1,327.84,0
618,45,USA,Console,Free,2023-01-04,43,110.6,38056.0,50,8,4898.56,0
619,31,UK,Console,Free,2023-05-07,15,71.9,1078.0,50,1,42.9,1
620,43,USA,Mobile,Free,2023-04-14,8,67.8,1084.0,42,2,211.36,1
621,26,India,Console,Free,2023-02-19,7,62.3,436.0,41,0,0.0,1
622,20,Germany,Mobile,Free,2023-06-01,8,100.8,806.0,40,0,0.0,1
623,26,UK,Mobile,Free,2023-01-28,6,85.2,511.0,37,0,0.0,1
624,18,Australia,Mobile,Premium,2023-01-07,63,92.6,23324.0,50,4,3135.51,0
625,45,UK,Console,Free,2023-01-16,11,111.5,1226.0,44,1,220.33,1
626,39,Brazil,PC,Free,2023-02-03,30,97.7,20524.0,49,7,3531.0,0
627,20,Brazil,Mobile,Premium,2023-04-02,50,101.6,30486.0,49,6,4558.0,0
628,24,USA,Mobile,Free,2023-05-09,11,92.4,1016.0,43,1,100.21,1
629,24,USA,Console,Free,2023-02-23,58,96.0,22268.0,50,4,2732.38,0
630,28,Brazil,Mobile,Free,2023-02-09,29,85.5,4960.0,50,2,548.68,0
631,44,UK,Mobile,Free,2023-06-29,79,96.5,45750.0,50,6,6823.23,0
632,42,Canada,PC,Free,2023-03-22,14,92.1,2578.0,45,2,308.56,1
633,14,UK,Mobile,Premium,2023-05-28,35,96.9,3390.0,50,1,785.05,0
634,31,Germany,PC,Free,2023-06-10,13,88.6,1152.0,47,1,298.22,1
635,32,Australia,Console,Free,2023-05-19,73,87.5,19161.0,50,3,3476.99,0
636,39,UK,Console,Premium,2023-04-20,6,107.2,643.0,47,1,141.24,1
637,40,India,PC,Free,2023-02-25,2,94.5,378.0,37,2,92.4,1
638,40,Germany,Mobile,Free,2023-05-04,14,96.8,1355.0,43,1,143.08,1
639,15,Australia,Console,Free,2023-06-05,9,92.3,831.0,49,1,22.05,1
640,26,Australia,Console,Free,2023-06-26,43,91.7,3944.0,50,1,662.63,0
641,23,Canada,PC,Free,2023-03-29,10,92.0,1840.0,50,2,405.7,1
642,33,Germany,Console,Free,2023-05-13,64,94.8,6067.0,50,1,1667.2,0
643,41,Australia,PC,Free,2023-02-10,76,94.9,7213.0,48,1,161.12,0
644,18,Canada,PC,Free,2023-01-09,15,97.3,1459.0,50,1,409.8,1
645,20,India,Mobile,Free,2023-04-04,8,111.3,1780.0,48,2,316.16,1
646,14,Germany,Console,Premium,2023-03-25,73,92.9,20352.0,50,3,4704.12,0
647,18,UK,PC,Premium,2023-04-29,15,73.8,1107.0,49,1,110.85,1
648,30,India,Mobile,Free,2023-02-04,3,86.7,260.0,39,0,0.0,1
649,44,UK,Console,Premium,2023-05-01,7,85.1,1788.0,40,3,292.74,1
650,15,Australia,PC,Free,2023-01-07,3,77.7,233.0,34,1,13.77,1
651,37,Australia,Console,Free,2023-04-20,14,81.9,2292.0,47,2,347.34,1
652,18,India,Console,Premium,2023-04-21,14,89.9,3777.0,50,3,521.36,1
653,17,India,Console,Free,2023-05-28,7,76.3,1068.0,48,2,329.0,1
654,19,Brazil,PC,Free,2023-06-21,6,79.7,478.0,44,1,120.96,1
655,34,USA,Mobile,Free,2023-03-13,12,83.0,1992.0,47,2,83.28,1
656,41,India,Mobile,Free,2023-05-27,15,90.9,1364.0,47,0,0.0,1
657,22,Brazil,Console,Free,2023-05-31,7,64.9,454.0,40,1,156.17,1
658,22,Australia,Mobile,Free,2023-03-06,4,68.3,546.0,45,2,180.88,1
659,40,Australia,Console,Free,2023-01-05,11,93.4,1027.0,49,0,0.0,1
660,34,Australia,Console,Free,2023-01-16,50,89.4,8938.0,50,2,723.5,0
661,28,UK,Mobile,Free,2023-04-16,78,87.7,54736.0,49,8,10444.98,0
662,21,Brazil,PC,Free,2023-06-01,39,94.4,18400.0,49,5,1880.58,0
663,30,USA,PC,Free,2023-03-20,45,96.7,4352.0,48,0,0.0,0
664,20,Brazil,Mobile,Premium,2023-03-21,7,94.7,663.0,50,1,20.79,1
665,38,Brazil,Mobile,Free,2023-06-01,10,105.3,1053.0,31,1,297.9,1
666,18,Brazil,Console,Free,2023-01-02,79,96.0,37915.0,50,5,4167.25,0
667,44,Germany,Mobile,Free,2023-02-09,11,90.0,990.0,49,0,0.0,1
668,20,Brazil,PC,Free,2023-04-30,13,87.4,1136.0,50,0,0.0,1
669,40,India,Console,Free,2023-01-10,5,106.2,1062.0,42,2,194.25,1
670,41,Brazil,PC,Free,2023-05-20,5,83.0,415.0,43,0,0.0,1
671,39,Canada,Console,Premium,2023-06-28,15,83.5,1252.0,45,1,245.1,1
672,28,Germany,Console,Premium,2023-04-27,28,93.2,23490.0,48,9,4161.92,0
673,37,Australia,Console,Premium,2023-04-13,15,70.7,3180.0,46,3,871.35,1
674,35,USA,PC,Free,2023-03-04,37,89.9,6654.0,50,2,958.3,0
675,37,Germany,Console,Free,2023-04-29,11,91.6,1008.0,50,0,0.0,1
676,17,UK,Console,Free,2023-04-14,10,80.0,1600.0,49,2,518.3,1
677,41,Canada,Mobile,Free,2023-03-03,10,124.0,2480.0,35,2,326.5,1
678,41,India,Console,Free,2023-02-25,10,91.8,918.0,50,1,198.0,1
679,29,UK,Mobile,Premium,2023-03-19,52,89.0,13887.0,48,3,2470.0,0
680,36,India,Mobile,Premium,2023-05-26,47,94.8,17816.0,49,4,2072.23,0
681,20,India,PC,Free,2023-06-11,79,78.6,37266.0,50,6,5223.48,0
682,17,Australia,PC,Free,2023-01-28,13,106.5,1385.0,48,0,0.0,1
683,36,Australia,Mobile,Premium,2023-01-04,57,100.0,51318.0,50,9,6480.9,0
684,21,India,PC,Free,2023-01-24,13,76.0,4940.0,47,5,761.02,0
685,41,Canada,Console,Premium,2023-01-27,53,91.9,29238.0,50,6,6570.41,0
686,30,UK,PC,Free,2023-01-08,16,94.4,1510.0,50,1,248.64,0
687,23,UK,PC,Free,2023-01-24,12,89.8,2156.0,49,2,567.48,1
688,44,USA,Mobile,Free,2023-04-16,41,76.0,24928.0,49,8,3312.8,0
689,14,UK,Console,Free,2023-04-04,15,101.9,3058.0,46,2,334.2,1
690,44,Australia,Console,Free,2023-06-07,40,97.0,3881.0,49,1,928.0,0
691,39,Germany,PC,Free,2023-01-08,8,97.4,779.0,46,0,0.0,1
692,27,USA,PC,Premium,2023-05-06,78,94.5,7373.0,50,1,780.0,0
693,38,India,PC,Free,2023-06-26,5,120.0,600.0,38,1,119.45,1
694,29,Canada,Mobile,Free,2023-01-19,15,94.9,2846.0,46,2,601.65,1
695,20,USA,Mobile,Premium,2023-05-14,31,99.6,3089.0,48,1,588.38,0
696,17,Germany,Mobile,Free,2023-06-08,60,104.1,6248.0,50,1,1549.8,0
697,20,UK,PC,Free,2023-02-02,77,89.9,41532.0,50,6,6698.23,0
698,37,USA,PC,Free,2023-04-22,20,75.8,12136.0,43,8,3074.0,0
699,42,USA,PC,Free,2023-02-19,15,101.3,3040.0,47,2,611.7,1
700,38,USA,PC,Free,2023-04-21,5,87.8,439.0,28,0,0.0,1
701,35,UK,Mobile,Free,2023-05-21,9,80.6,1450.0,43,2,292.32,1
702,34,Brazil,Console,Free,2023-03-03,37,94.6,21006.0,47,6,4177.3,0
703,19,Canada,Console,Free,2023-01-26,44,91.8,20200.0,50,5,3303.96,0
704,22,Brazil,Mobile,Free,2023-05-06,6,85.3,1024.0,43,2,51.84,1
705,23,Brazil,Mobile,Premium,2023-05-24,2,118.0,236.0,37,0,0.0,1
706,24,Brazil,PC,Premium,2023-03-17,72,82.0,59060.0,50,10,10735.2,0
707,37,Germany,PC,Free,2023-05-25,32,100.7,3223.0,49,1,322.88,0
708,37,Australia,Console,Free,2023-04-20,9,95.2,857.0,41,1,204.66,1
709,30,Germany,Mobile,Free,2023-01-27,21,85.4,14352.0,50,8,2903.25,0
710,20,Germany,PC,Free,2023-06-15,73,85.1,24836.0,50,4,4645.72,0
711,45,Australia,PC,Free,2023-06-30,11,108.5,1194.0,46,1,216.48,1
712,40,USA,Mobile,Premium,2023-02-05,8,88.9,711.0,49,1,187.92,1
713,31,Australia,Console,Free,2023-01-04,6,90.5,543.0,47,1,134.58,1
714,31,USA,PC,Premium,2023-01-05,14,103.3,1446.0,48,1,307.02,1
715,26,India,Mobile,Free,2023-06-30,12,101.8,1222.0,48,1,71.52,1
716,20,India,PC,Free,2023-03-19,27,94.5,2552.0,50,0,0.0,0
717,19,Brazil,Mobile,Free,2023-05-11,2,115.0,230.0,22,0,0.0,1
718,15,UK,PC,Premium,2023-03-14,9,95.0,2565.0,47,3,529.02,1
719,19,Australia,Mobile,Free,2023-02-07,63,98.0,6176.0,50,1,1870.47,0
720,15,Australia,Console,Free,2023-03-25,12,83.8,1005.0,41,1,172.56,1
721,19,Brazil,Mobile,Free,2023-04-19,9,97.7,879.0,34,0,0.0,1
722,29,Brazil,Mobile,Premium,2023-03-09,5,89.0,445.0,48,1,135.75,1
723,30,Canada,Console,Premium,2023-02-03,13,107.8,12609.0,50,9,2223.65,0
724,44,Australia,PC,Premium,2023-04-09,60,96.4,57850.0,49,10,10873.2,0
725,25,USA,PC,Free,2023-04-21,12,110.3,1324.0,49,1,144.72,1
726,44,Canada,Console,Free,2023-01-23,3,52.7,316.0,49,2,89.28,1
727,21,UK,Mobile,Premium,2023-01-15,23,83.1,13384.0,50,7,2037.57,0
728,24,USA,PC,Free,2023-03-03,67,93.9,44023.0,50,7,5755.97,0
729,22,Germany,Console,Premium,2023-02-28,4,139.0,556.0,36,1,49.52,1
730,19,Australia,Console,Free,2023-05-30,11,56.1,1234.0,46,2,490.16,1
731,32,Australia,PC,Free,2023-02-04,16,105.0,1680.0,50,1,308.0,0
732,33,UK,PC,Premium,2023-06-11,45,100.2,13530.0,50,3,1746.0,0
733,25,Brazil,PC,Free,2023-04-23,8,93.1,1490.0,49,2,221.12,1
734,31,Brazil,Console,Free,2023-01-08,47,92.1,30310.0,50,7,4467.35,0
735,42,USA,Console,Premium,2023-01-12,11,120.4,1324.0,39,0,0.0,1
736,26,UK,Mobile,Free,2023-01-23,50,91.1,18220.0,49,4,3884.0,0
737,34,USA,PC,Free,2023-04-18,48,78.2,18775.0,50,5,4448.16,0
738,38,Germany,Mobile,Free,2023-06-23,26,84.8,11030.0,50,5,1965.34,0
739,21,Germany,PC,Premium,2023-02-24,39,80.5,21973.0,50,7,3764.67,0
740,28,UK,Console,Free,2023-01-31,8,106.3,850.0,46,1,122.48,1
741,14,UK,PC,Premium,2023-05-14,53,93.0,34489.0,50,7,4633.79,0
742,28,India,Console,Premium,2023-06-21,20,105.5,14777.0,50,7,2092.6,0
743,44,Canada,PC,Free,2023-02-16,5,102.2,511.0,47,1,126.85,1
744,41,Brazil,PC,Free,2023-03-12,9,80.7,726.0,43,0,0.0,1
745,45,USA,Console,Free,2023-04-04,10,102.0,1020.0,48,0,0.0,1
746,25,UK,PC,Free,2023-04-01,12,96.7,2320.0,50,2,550.2,1
747,16,Australia,Console,Free,2023-02-20,9,96.4,868.0,45,1,267.75,1
748,39,India,Mobile,Free,2023-05-27,2,132.5,265.0,46,0,0.0,1
749,35,UK,Mobile,Free,2023-02-13,61,100.4,48984.0,50,8,7737.85,0
750,43,India,Mobile,Free,2023-01-08,10,58.4,584.0,43,1,42.9,1
751,41,Brazil,Console,Premium,2023-06-22,57,85.4,14610.0,50,3,3185.16,0
752,45,UK,Mobile,Free,2023-04-18,11,109.3,2404.0,50,2,315.04,1
753,38,Brazil,Mobile,Premium,2023-02-21,10,122.9,3687.0,45,3,531.7,1
754,25,Germany,Mobile,Free,2023-04-30,4,90.8,363.0,45,0,0.0,1
755,31,India,Console,Premium,2023-01-14,13,81.9,1065.0,44,1,112.45,0
756,20,India,PC,Premium,2023-02-26,21,93.3,13720.0,49,7,2534.49,0
757,14,Brazil,PC,Free,2023-02-02,58,87.7,40688.0,50,8,5931.66,0
758,18,Australia,PC,Free,2023-01-05,15,79.9,2396.0,50,2,376.95,1
759,33,Canada,Console,Free,2023-04-28,12,95.5,2292.0,49,2,451.08,1
760,34,Brazil,Console,Premium,2023-04-21,33,111.8,33192.0,48,9,5401.11,0
761,34,USA,PC,Free,2023-06-07,14,100.6,4227.0,49,3,778.68,0
762,27,Australia,PC,Free,2023-04-06,15,77.7,1165.0,47,0,0.0,1
763,38,India,Mobile,Free,2023-04-26,7,111.9,783.0,48,1,89.39,1
764,45,Germany,PC,Free,2023-03-18,63,103.1,6496.0,50,0,0.0,0
765,33,Brazil,PC,Free,2023-06-25,15,95.2,1428.0,50,0,0.0,1
766,35,Germany,PC,Free,2023-05-18,10,89.2,1784.0,34,2,424.4,1
767,28,Canada,PC,Free,2023-05-23,10,126.9,1269.0,47,1,142.0,1
768,23,UK,Mobile,Premium,2023-03-25,69,89.0,24560.0,48,4,2788.29,0
769,32,Brazil,Console,Free,2023-01-17,6,96.7,580.0,36,0,0.0,1
770,30,Brazil,Console,Free,2023-01-09,15,101.5,1522.0,49,0,0.0,1
771,24,Germany,Mobile,Premium,2023-05-05,12,87.4,1049.0,49,0,0.0,1
772,26,Canada,PC,Free,2023-06-15,3,90.3,542.0,50,2,89.22,1
773,23,Germany,Console,Free,2023-01-31,75,92.1,27620.0,50,4,5379.0,0
774,45,USA,PC,Free,2023-05-04,14,98.1,2748.0,47,2,577.5,1
775,19,Canada,Mobile,Free,2023-01-15,2,79.0,158.0,50,0,0.0,1
776,35,UK,Console,Premium,2023-06-10,39,86.3,3366.0,49,1,253.89,0
777,35,Germany,Mobile,Free,2023-01-19,9,107.1,964.0,46,1,158.85,1
778,22,Germany,Console,Free,2023-01-30,62,99.3,12314.0,50,2,2157.6,0
779,40,USA,Mobile,Free,2023-01-02,14,114.6,3208.0,49,2,658.98,1
780,35,Brazil,Console,Premium,2023-04-14,46,88.0,40460.0,50,10,7800.68,0
781,45,Canada,Console,Free,2023-04-16,45,103.2,4643.0,50,0,0.0,0
782,38,Brazil,Console,Free,2023-05-10,28,92.4,2586.0,50,1,192.08,0
783,45,India,Console,Free,2023-03-11,7,91.9,1286.0,41,2,259.49,1
784,40,Canada,Mobile,Free,2023-02-11,73,94.6,20721.0,50,3,3587.95,0
785,28,Brazil,Mobile,Free,2023-06-29,45,111.6,10040.0,50,2,1955.7,0
786,36,Canada,Mobile,Free,2023-06-08,3,97.7,586.0,38,2,88.23,1
787,40,USA,Mobile,Premium,2023-05-17,58,101.9,23640.0,50,4,3515.38,0
788,26,UK,Console,Premium,2023-03-30,13,86.9,1130.0,50,0,0.0,1
789,23,Brazil,Console,Premium,2023-03-28,77,93.4,7191.0,50,0,0.0,0
790,23,Brazil,Console,Free,2023-03-28,10,96.1,961.0,47,1,177.4,1
791,42,India,Mobile,Free,2023-06-10,15,87.3,1310.0,50,1,178.35,0
792,34,USA,Mobile,Premium,2023-03-26,3,110.3,993.0,27,3,77.82,1
793,31,India,PC,Free,2023-03-23,58,84.6,29424.0,50,6,5050.06,0
794,23,Brazil,Console,Free,2023-04-19,11,76.5,1682.0,47,2,423.61,1
795,43,Australia,Mobile,Free,2023-04-03,10,96.2,962.0,48,0,0.0,1
796,34,Germany,Mobile,Premium,2023-02-06,16,89.7,1435.0,48,1,424.16,0
797,40,Australia,Console,Free,2023-01-21,49,77.8,22860.0,50,6,4887.26,0
798,38,Australia,Mobile,Free,2023-05-27,4,116.0,464.0,47,1,112.92,1
799,24,Germany,PC,Free,2023-05-19,44,80.9,21360.0,50,6,3434.64,0
800,31,UK,Console,Premium,2023-01-24,5,128.0,640.0,43,0,0.0,1
801,39,Canada,PC,Free,2023-05-08,4,54.5,436.0,32,2,59.12,1
802,30,Brazil,Console,Free,2023-03-23,55,105.1,40460.0,48,7,7190.15,0
803,39,Brazil,Console,Free,2023-01-27,8,58.0,928.0,48,2,241.2,1
804,34,Germany,Mobile,Premium,2023-03-11,80,90.2,21657.0,50,3,2327.2,0
805,24,Canada,PC,Free,2023-01-11,14,87.0,1218.0,49,1,186.34,1
806,38,Australia,Mobile,Free,2023-05-18,10,87.2,872.0,48,1,186.0,1
807,14,UK,Mobile,Free,2023-04-19,12,85.7,1028.0,50,0,0.0,1
808,42,Australia,PC,Premium,2023-03-28,7,102.0,714.0,41,1,82.46,1
809,22,Brazil,Console,Premium,2023-05-22,15,92.0,4140.0,48,3,777.0,1
810,26,Germany,Console,Premium,2023-04-04,47,93.6,4401.0,50,0,0.0,0
811,21,Australia,Mobile,Free,2023-06-29,8,75.0,1200.0,43,2,292.0,1
812,18,UK,Mobile,Free,2023-01-30,35,91.5,3201.0,50,0,0.0,0
813,33,India,Mobile,Free,2023-04-20,7,106.6,746.0,48,1,62.86,1
814,40,India,Mobile,Free,2023-02-27,3,93.0,279.0,49,0,0.0,1
815,23,Canada,PC,Premium,2023-06-17,30,85.8,10296.0,49,4,1747.5,0
816,30,Australia,PC,Free,2023-04-21,32,78.8,10084.0,50,4,1782.72,0
817,17,Canada,Console,Free,2023-05-04,73,98.6,21603.0,50,3,2688.59,0
818,15,USA,Console,Free,2023-04-28,6,102.5,1230.0,48,2,196.74,1
819,30,UK,Console,Free,2023-05-25,56,91.9,36036.0,50,7,7521.36,0
820,33,USA,Mobile,Premium,2023-01-28,78,87.1,27180.0,50,4,5027.1,0
821,18,Brazil,PC,Free,2023-06-05,3,84.0,252.0,44,0,0.0,1
822,16,Brazil,Console,Free,2023-05-29,7,47.0,329.0,46,1,88.76,1
823,45,Australia,Console,Premium,2023-04-09,80,88.3,28268.0,49,4,4382.4,0
824,14,Germany,Console,Free,2023-01-28,36,90.9,22897.0,50,7,2474.64,0
825,35,Australia,PC,Free,2023-06-21,48,95.5,9166.0,50,2,1548.96,0
826,19,Australia,PC,Free,2023-06-01,7,82.1,575.0,49,1,144.2,1
827,43,Germany,PC,Free,2023-06-28,3,118.0,354.0,31,0,0.0,1
828,25,Germany,PC,Premium,2023-04-09,13,90.1,1171.0,42,1,362.7,1
829,45,India,Mobile,Premium,2023-06-28,55,83.4,13761.0,50,3,2798.4,0
830,25,UK,PC,Premium,2023-03-13,68,85.7,52452.0,50,9,13001.6,0
831,39,Australia,Mobile,Free,2023-04-01,8,78.0,624.0,29,0,0.0,1
832,24,Germany,PC,Free,2023-06-20,5,75.6,378.0,50,0,0.0,1
833,16,Germany,Mobile,Free,2023-01-19,13,97.2,1264.0,46,1,47.84,1
834,20,Germany,Mobile,Premium,2023-03-13,4,97.8,391.0,33,1,14.08,1
835,15,Brazil,PC,Free,2023-03-23,35,108.5,26572.0,46,7,3161.2,0
836,15,Australia,PC,Premium,2023-04-18,40,85.7,30861.0,45,9,6715.6,0
837,29,Brazil,Console,Free,2023-04-12,2,41.5,83.0,22,1,32.66,1
838,21,Canada,Mobile,Premium,2023-05-01,2,88.5,177.0,25,0,0.0,1
839,32,Brazil,Console,Premium,2023-04-30,8,98.8,2370.0,47,3,424.56,1
840,37,UK,PC,Free,2023-06-10,11,118.1,2598.0,47,2,275.44,1
841,44,Australia,Console,Premium,2023-06-30,60,93.4,5602.0,48,1,1567.2,0
842,25,USA,Mobile,Premium,2023-02-26,48,77.9,44868.0,50,12,7259.52,0
843,35,Germany,Console,Free,2023-04-01,70,97.1,27176.0,50,4,4272.1,0
844,38,Australia,PC,Premium,2023-03-22,73,87.0,44443.0,49,7,7406.58,0
845,15,USA,Console,Free,2023-03-02,7,68.6,480.0,50,1,165.76,1
846,32,Germany,Console,Premium,2023-06-28,52,97.6,30456.0,50,6,4446.0,0
847,19,Canada,Console,Premium,2023-03-25,15,89.3,9380.0,48,7,1200.6,0
848,21,UK,Console,Free,2023-03-15,14,96.9,1356.0,47,1,65.1,1
849,23,Brazil,Console,Free,2023-06-28,14,108.4,1518.0,48,1,317.24,1
850,38,Brazil,Mobile,Free,2023-02-15,6,100.5,1206.0,33,2,87.42,1
851,35,Australia,Console,Free,2023-04-28,8,64.6,517.0,48,1,89.04,1
852,14,UK,Console,Free,2023-04-08,55,91.1,35063.0,50,7,2779.7,0
853,14,Canada,Mobile,Free,2023-04-07,21,108.1,4540.0,38,2,436.38,0
854,31,UK,PC,Free,2023-06-17,20,102.5,16408.0,48,8,2293.6,0
855,35,USA,Mobile,Premium,2023-02-06,6,109.3,1968.0,44,3,245.34,1
856,26,USA,PC,Premium,2023-03-28,35,83.3,20412.0,50,7,4600.4,0
857,39,India,Mobile,Premium,2023-02-22,8,110.5,884.0,50,0,0.0,1
858,23,UK,Mobile,Premium,2023-04-20,11,99.7,1097.0,50,0,0.0,1
859,41,Canada,Mobile,Free,2023-03-16,18,101.2,10932.0,49,6,1662.84,0
860,41,Germany,Console,Free,2023-05-01,11,71.8,790.0,48,1,160.49,1
861,40,Australia,Mobile,Free,2023-01-28,2,80.5,322.0,42,2,41.44,1
862,28,Brazil,PC,Free,2023-04-17,42,98.4,28924.0,50,7,5916.12,0
863,33,Germany,Console,Premium,2023-05-14,10,111.5,10035.0,36,9,1191.5,0
864,33,Germany,Mobile,Free,2023-04-09,4,145.3,581.0,29,1,41.96,1
865,22,India,Console,Free,2023-03-05,28,74.9,6291.0,49,3,1005.48,0
866,15,Australia,Mobile,Free,2023-06-28,3,146.3,878.0,43,2,137.31,1
867,27,Brazil,Console,Premium,2023-02-26,4,86.0,344.0,29,0,0.0,1
868,31,Australia,Console,Free,2023-04-06,36,87.4,25184.0,48,8,4623.84,0
869,15,Germany,PC,Premium,2023-04-23,11,100.5,1105.0,47,0,0.0,1
870,20,Germany,PC,Free,2023-01-01,24,97.4,9348.0,50,4,1860.24,0
871,27,Canada,Console,Free,2023-01-07,6,94.3,1132.0,50,2,119.16,1
872,36,India,PC,Free,2023-06-13,38,97.8,14868.0,50,4,1970.3,0
873,21,India,Console,Premium,2023-06-25,50,90.9,4545.0,49,1,1240.0,0
874,38,Brazil,Console,Free,2023-04-29,5,90.6,453.0,36,1,128.65,1
875,36,India,Mobile,Premium,2023-01-02,44,89.7,47364.0,50,12,6877.64,0
876,33,USA,Console,Free,2023-04-07,6,84.2,1010.0,36,2,57.06,1
877,44,UK,Console,Free,2023-02-22,47,94.6,8888.0,50,2,1545.83,0
878,26,Australia,PC,Free,2023-05-22,7,66.1,463.0,49,0,0.0,1
879,27,USA,Console,Free,2023-02-24,63,93.5,17667.0,50,3,2806.65,0
880,25,Brazil,Mobile,Premium,2023-05-07,80,95.1,76050.0,50,10,13880.8,0
881,44,UK,Console,Free,2023-05-17,12,87.8,2106.0,42,2,187.92,1
882,33,Brazil,Mobile,Free,2023-04-10,2,91.0,182.0,50,0,0.0,1
883,35,USA,PC,Free,2023-06-03,33,97.0,3202.0,50,1,167.97,0
884,39,Canada,PC,Premium,2023-02-04,38,83.3,12668.0,50,4,2036.04,0
885,26,USA,Console,Free,2023-05-15,19,89.5,13608.0,44,8,2672.92,0
886,14,UK,Console,Free,2023-01-27,52,89.4,9300.0,50,2,1249.04,0
887,24,UK,PC,Free,2023-03-27,55,81.0,31199.0,50,7,5349.85,0
888,16,Germany,Console,Premium,2023-05-02,61,91.1,38899.0,50,7,4740.31,0
889,24,UK,PC,Free,2023-01-25,5,70.4,704.0,38,2,80.65,1
890,15,Germany,PC,Free,2023-02-16,27,79.4,6432.0,46,3,807.57,0
891,15,Australia,Mobile,Premium,2023-01-04,42,90.6,45648.0,47,12,7915.74,0
892,24,Australia,Console,Free,2023-03-06,2,17.0,34.0,22,0,0.0,1
893,24,Australia,PC,Free,2023-05-10,80,90.1,7211.0,50,0,0.0,0
894,22,Canada,PC,Free,2023-02-15,15,100.3,1504.0,46,1,17.4,1
895,20,Brazil,Mobile,Free,2023-02-16,5,91.2,912.0,50,2,149.2,1
896,27,Germany,Console,Premium,2023-01-08,42,98.4,37188.0,50,9,4251.66,0
897,40,Brazil,PC,Free,2023-05-21,15,85.4,1281.0,50,1,279.15,1
898,45,Brazil,PC,Premium,2023-03-11,10,110.9,1109.0,49,0,0.0,1
899,17,Germany,Mobile,Premium,2023-02-26,15,93.5,4206.0,49,3,490.65,0
900,28,USA,Mobile,Free,2023-03-19,12,111.1,2666.0,50,2,406.2,1
901,19,UK,PC,Free,2023-01-31,13,95.2,1238.0,38,0,0.0,1
902,18,UK,Console,Free,2023-04-29,14,74.3,3120.0,50,3,786.52,0
903,24,Australia,Mobile,Free,2023-05-21,10,116.7,2334.0,44,2,296.3,1
904,38,Canada,Mobile,Free,2023-03-08,80,88.0,21108.0,47,3,3503.2,0
905,18,Brazil,PC,Free,2023-06-12,7,72.4,507.0,47,1,35.91,1
906,43,UK,PC,Premium,2023-06-02,42,79.5,3340.0,50,0,0.0,0
907,24,UK,Mobile,Premium,2023-03-25,64,90.2,5771.0,50,0,0.0,0
908,24,UK,Console,Free,2023-06-03,8,102.4,819.0,31,0,0.0,1
909,40,Australia,PC,Free,2023-06-27,3,82.0,246.0,28,0,0.0,1
910,25,Germany,Mobile,Free,2023-04-27,47,91.8,34504.0,50,8,8345.32,0
911,14,Brazil,PC,Free,2023-06-17,13,103.9,1351.0,50,1,69.29,1
912,28,India,Console,Free,2023-06-20,19,78.8,4491.0,50,3,264.86,0
913,43,Australia,Mobile,Free,2023-03-08,46,100.0,13806.0,50,3,1552.04,0
914,18,Germany,Mobile,Premium,2023-02-21,27,96.4,15624.0,50,6,2926.8,0
915,44,USA,PC,Free,2023-03-01,13,94.3,1226.0,48,1,359.71,1
916,27,Brazil,Console,Free,2023-02-09,3,148.0,888.0,49,2,120.45,1
917,34,Brazil,Mobile,Free,2023-02-28,12,100.3,8421.0,50,7,1105.32,0
918,38,Canada,Console,Free,2023-02-26,56,90.5,20272.0,50,4,3814.16,0
919,31,India,PC,Free,2023-05-26,58,99.3,28810.0,50,5,5252.48,0
920,31,Brazil,PC,Premium,2023-02-18,25,78.8,23652.0,44,12,3625.75,0
921,39,India,PC,Premium,2023-04-18,15,115.9,15642.0,50,9,2322.45,0
922,35,Germany,PC,Free,2023-04-28,65,101.0,39402.0,49,6,6459.05,0
923,29,Brazil,Console,Free,2023-01-08,8,88.0,704.0,48,1,167.92,1
924,41,Canada,Console,Premium,2023-01-30,3,109.0,327.0,17,1,3.48,1
925,45,USA,PC,Free,2023-04-24,9,94.0,1692.0,42,2,426.51,1
926,21,UK,Console,Premium,2023-06-10,35,84.8,11876.0,47,4,2733.15,0
927,26,UK,Mobile,Free,2023-05-19,68,91.6,24928.0,50,4,2779.16,0
928,19,USA,PC,Free,2023-03-21,3,96.7,290.0,24,0,0.0,1
929,15,Australia,PC,Free,2023-01-19,12,126.6,1519.0,50,1,287.16,1
930,42,USA,PC,Free,2023-04-26,48,100.0,19192.0,49,4,2258.88,0
931,18,Australia,Mobile,Free,2023-04-11,31,88.3,8208.0,47,3,1068.57,0
932,17,Australia,Mobile,Premium,2023-04-16,13,76.6,2988.0,49,3,717.08,1
933,44,India,PC,Premium,2023-05-07,3,59.7,537.0,28,3,186.33,1
934,24,Germany,Console,Free,2023-05-12,12,103.8,1246.0,49,0,0.0,1
935,39,Brazil,Console,Free,2023-04-16,18,87.9,7915.0,49,5,1452.96,0
936,34,Brazil,Mobile,Free,2023-03-26,10,93.0,930.0,50,1,213.7,1
937,21,Australia,Console,Free,2023-05-10,12,104.3,1252.0,50,1,293.4,1
938,25,Brazil,PC,Free,2023-05-31,14,118.1,3308.0,46,2,441.14,1
939,16,Australia,PC,Premium,2023-06-27,62,96.5,59860.0,50,10,12174.32,0
940,40,USA,Mobile,Free,2023-04-04,6,51.8,311.0,48,1,169.86,1
941,36,UK,PC,Premium,2023-01-27,4,76.3,915.0,46,3,201.0,1
942,27,Australia,Mobile,Free,2023-02-22,5,95.2,476.0,46,1,33.35,1
943,33,USA,Console,Free,2023-03-23,5,71.0,710.0,47,2,246.2,1
944,39,USA,Mobile,Premium,2023-05-14,63,94.8,5974.0,50,0,0.0,0
945,17,Brazil,Console,Free,2023-06-01,10,100.0,2000.0,49,2,165.5,1
946,38,Germany,PC,Premium,2023-03-08,36,97.8,10563.0,48,3,1753.92,0
947,21,Canada,Mobile,Premium,2023-02-20,29,97.1,28150.0,49,10,4609.26,0
948,32,Canada,Mobile,Free,2023-01-04,7,81.7,1144.0,38,2,256.83,1
949,38,USA,Console,Premium,2023-01-17,68,102.6,69790.0,50,10,10293.84,0
950,41,Brazil,Mobile,Free,2023-01-02,44,94.8,25026.0,50,6,2897.84,0
951,20,Canada,Console,Free,2023-06-27,10,109.5,1095.0,50,1,11.2,1
952,28,USA,Console,Premium,2023-04-21,40,87.6,35040.0,50,10,4788.8,0
953,17,Canada,PC,Free,2023-02-04,49,93.2,22845.0,50,5,3643.64,0
954,41,India,PC,Free,2023-05-18,4,55.5,222.0,46,0,0.0,1
955,38,Australia,Mobile,Free,2023-04-30,15,107.3,1609.0,45,1,92.7,1
956,26,Canada,Mobile,Premium,2023-05-17,73,92.6,60867.0,50,9,9149.82,0
957,42,Brazil,Mobile,Premium,2023-02-08,79,94.0,7428.0,50,0,0.0,0
958,42,UK,Mobile,Premium,2023-02-10,4,87.8,1053.0,46,3,185.32,1
959,22,Canada,Console,Free,2023-01-12,10,86.7,867.0,49,0,0.0,1
960,36,Australia,Mobile,Free,2023-01-13,50,96.8,4840.0,50,0,0.0,0
961,21,UK,Mobile,Free,2023-01-05,39,89.7,20994.0,49,6,4783.35,0
962,26,Australia,Console,Free,2023-03-25,14,86.4,6045.0,45,5,856.38,0
963,25,USA,Mobile,Free,2023-01-08,9,138.7,1248.0,37,1,235.26,1
964,36,Canada,Console,Free,2023-06-20,79,105.5,16676.0,50,2,3634.79,0
965,31,Brazil,PC,Free,2023-01-22,14,68.2,1910.0,44,2,676.76,1
966,29,Canada,Mobile,Free,2023-05-24,14,88.6,1241.0,48,1,418.04,1
967,41,Brazil,PC,Free,2023-06-18,11,107.5,2366.0,47,2,141.13,1
968,14,Brazil,PC,Premium,2023-03-26,15,95.5,4299.0,42,3,360.0,1
969,35,UK,PC,Premium,2023-03-17,75,90.6,27188.0,50,4,4745.25,0
970,32,Canada,PC,Free,2023-04-16,10,100.0,1000.0,42,0,0.0,1
971,21,USA,Console,Premium,2023-04-02,17,79.2,12123.0,50,9,2172.09,0
972,17,USA,Mobile,Free,2023-06-25,43,87.5,30088.0,50,8,4559.29,0
973,14,USA,Mobile,Free,2023-02-09,13,101.2,2632.0,43,2,501.54,1
974,43,USA,Console,Premium,2023-03-07,36,99.6,35870.0,50,10,5701.68,0
975,18,Germany,Console,Free,2023-04-12,15,87.7,1315.0,49,1,342.3,1
976,29,UK,Console,Premium,2023-06-10,15,98.3,1475.0,50,0,0.0,1
977,35,India,PC,Free,2023-05-09,8,98.6,789.0,37,1,55.28,1
978,19,UK,PC,Free,2023-03-17,14,86.9,1216.0,48,1,303.94,1
979,40,USA,Console,Premium,2023-06-13,12,88.0,3168.0,47,3,594.36,1
980,15,India,PC,Premium,2023-01-10,21,83.2,10488.0,43,6,2115.33,0
981,39,Canada,PC,Premium,2023-04-06,5,44.6,223.0,30,0,0.0,1
982,24,Canada,Mobile,Free,2023-03-15,12,72.6,871.0,42,0,0.0,1
983,21,UK,PC,Premium,2023-04-13,13,99.7,1296.0,49,1,192.01,1
984,31,Germany,PC,Premium,2023-03-24,15,126.9,1903.0,50,0,0.0,1
985,39,Germany,PC,Premium,2023-06-07,3,66.0,198.0,35,0,0.0,1
986,35,USA,Mobile,Free,2023-03-12,5,87.0,435.0,47,0,0.0,1
987,26,USA,Console,Free,2023-01-09,31,105.9,19698.0,49,6,3749.45,0
988,41,Germany,PC,Free,2023-06-15,73,95.9,55984.0,49,8,8815.48,0
989,33,Canada,Mobile,Free,2023-04-24,11,71.1,782.0,46,1,323.07,1
990,14,UK,Mobile,Free,2023-05-24,6,74.5,447.0,36,1,136.14,1
991,23,Canada,Mobile,Free,2023-02-20,2,95.0,190.0,32,1,58.62,1
992,14,Brazil,Mobile,Premium,2023-02-10,42,86.0,36100.0,50,10,5097.54,0
993,28,USA,PC,Premium,2023-04-18,53,97.7,31074.0,50,6,3466.2,0
994,14,USA,PC,Free,2023-02-20,12,85.6,2054.0,49,2,338.88,1
995,34,Germany,Console,Free,2023-01-23,17,83.1,5652.0,48,4,1482.74,0
996,20,Australia,Mobile,Free,2023-01-17,14,97.9,1371.0,48,1,359.38,1
997,32,UK,Console,Free,2023-06-20,62,91.1,5647.0,50,1,210.8,0
998,20,Brazil,PC,Free,2023-02-06,3,142.7,428.0,29,1,68.07,1
999,37,Brazil,Console,Free,2023-06-11,17,109.4,3720.0,47,2,740.86,0
1000,35,Brazil,PC,Premium,2023-02-21,10,100.4,3012.0,43,3,554.4,1
